220526,03:00:31.356,-13.179300369369
220526,04:00:32.508,-13.252974290852
220526,05:00:33.667,-13.225299319442
220526,06:00:34.817,-13.179300369369
220526,07:00:35.975,-13.179300369369
220526,08:00:37.132,-13.216119149114
220526,09:00:38.284,-13.252974290852
220526,10:00:39.438,-13.197705221209
220526,11:00:40.594,-13.197705221209
220526,12:00:41.750,-13.225299319442
220526,13:00:42.908,-13.26222400296
220526,14:00:44.055,-13.225299319442
220526,15:00:45.216,-13.197705221209
220526,16:00:46.370,-13.216119149114
220526,17:00:47.525,-13.188471489806
220526,18:00:48.682,-13.225299319442
220526,19:00:49.846,-13.271415533628
220526,20:00:50.997,-13.188471489806
220526,21:00:52.160,-13.225299319442
220526,22:00:53.321,-13.225299319442
220526,23:00:54.472,-13.252974290852
220527,00:00:55.629,-13.23454216751
220527,01:00:56.775,-13.271415533628
220527,02:00:57.926,-13.26222400296
220527,03:00:59.085,-13.243787306764
220527,04:01:00.231,-13.23454216751
220527,05:01:01.389,-13.206880862999
220527,06:01:02.548,-13.252974290852
220527,07:01:03.698,-13.243787306764
220527,08:01:04.850,-13.23454216751
220527,09:01:06.008,-13.252974290852
220527,09:55:29.145,-12.876708506384
220527,10:16:36.699,-13.188471489806
220527,10:34:09.743,-12.81284839181
220527,11:25:04.872,-13.160844280023
220527,11:58:46.456,-12.794571260254
220527,12:58:47.616,-12.658130079694
220527,13:58:48.774,-12.685391001704
220527,14:09:58.302,-13.059798865355
220527,15:09:59.461,-13.243787306764
220527,16:10:00.619,-13.26222400296
220527,17:10:01.779,-13.188471489806
220527,18:10:02.935,-13.216119149114
220527,19:10:04.085,-13.216119149114
220527,20:10:05.239,-13.23454216751
220527,21:10:06.394,-13.197705221209
220527,22:10:07.549,-13.26222400296
220527,23:10:08.706,-13.225299319442
220528,00:10:09.866,-13.252974290852
220528,01:10:11.024,-13.252974290852
220528,02:10:12.181,-13.188471489806
220528,03:10:13.332,-13.23454216751
220528,04:10:14.486,-13.26222400296
220528,05:10:15.649,-13.26222400296
220528,06:10:16.803,-13.197705221209
220528,07:10:17.961,-13.26222400296
220528,08:10:19.119,-13.252974290852
220528,08:28:05.164,-12.894965556698
220528,09:28:06.326,-12.685391001704
220528,10:28:07.482,-12.676341540014
220528,11:28:08.635,-12.694502177527
220528,12:28:09.791,-12.712671506166
220528,13:28:10.944,-12.739971639086
220528,14:28:12.105,-12.72178923397
220528,14:31:40.110,-13.032266387083
220528,15:31:41.268,-13.26222400296
220528,16:31:42.425,-13.197705221209
220528,17:31:43.580,-13.216119149114
220528,18:31:44.730,-13.197705221209
220528,19:31:45.884,-13.216119149114
220528,20:31:47.038,-13.170071185455
220528,21:31:48.194,-13.225299319442
220528,22:31:49.343,-13.23454216751
220528,23:31:50.505,-13.243787306764
220529,00:31:51.661,-13.252974290852
220529,01:31:52.814,-13.23454216751
220529,02:31:53.975,-13.197705221209
220529,03:31:55.128,-13.206880862999
220529,04:31:56.280,-13.252974290852
220529,05:31:57.439,-13.206880862999
220529,06:31:58.598,-13.225299319442
220529,07:31:59.752,-13.216119149114
220529,08:14:27.863,-12.803708722183
220529,09:14:29.024,-12.694502177527
220529,10:14:30.182,-12.66723471889
220529,11:14:31.340,-12.685391001704
220529,12:14:32.495,-12.676341540014
220529,13:14:33.652,-12.66723471889
220529,14:14:34.813,-12.703615540402
220529,14:36:14.864,-13.068940749062
220529,15:36:16.020,-13.206880862999
220529,16:36:17.172,-13.216119149114
220529,17:36:18.330,-13.23454216751
220529,18:36:19.483,-13.26222400296
220529,19:36:20.637,-13.26222400296
220529,20:36:21.794,-13.206880862999
220529,21:36:22.948,-13.252974290852
220529,22:36:24.100,-13.28066982587
220529,23:36:25.255,-13.26222400296
220530,00:36:26.409,-13.197705221209
220530,01:36:27.570,-13.252974290852
220530,02:36:28.720,-13.26222400296
220530,03:36:29.878,-13.225299319442
220530,04:36:31.034,-13.23454216751
220530,05:36:32.188,-13.252974290852
220530,06:36:33.350,-13.243787306764
220530,07:36:34.504,-13.225299319442
220530,08:36:35.657,-13.243787306764
220530,09:36:36.811,-13.243787306764
220530,10:36:37.964,-13.206880862999
220530,11:36:39.118,-13.216119149114
220530,12:36:40.276,-13.225299319442
220530,13:36:41.427,-13.23454216751
220530,14:36:42.586,-13.216119149114
220530,15:36:43.738,-13.216119149114
220530,16:36:44.886,-13.216119149114
220530,17:36:46.040,-13.225299319442
220530,18:36:47.194,-13.271415533628
220530,19:36:48.351,-13.188471489806
220530,20:36:49.505,-13.197705221209
220530,21:36:50.656,-13.206880862999
220530,22:36:51.814,-13.243787306764
220530,23:36:52.966,-13.225299319442
220531,00:36:54.122,-13.216119149114
220531,01:36:55.279,-13.26222400296
220531,02:36:56.429,-13.243787306764
220531,03:36:57.596,-13.197705221209
220531,04:36:58.747,-13.243787306764
220531,05:36:59.909,-13.216119149114
220531,06:37:01.064,-13.206880862999
220531,07:37:02.221,-13.26222400296
220531,08:37:03.377,-13.252974290852
220531,09:37:04.530,-13.23454216751
220531,10:37:05.687,-13.26222400296
220531,11:37:06.841,-13.216119149114
220531,12:37:07.998,-13.225299319442
220531,13:37:09.152,-13.243787306764
220531,14:37:10.307,-13.252974290852
220531,15:37:11.462,-13.225299319442
220531,16:37:12.611,-13.26222400296
220531,17:37:13.774,-13.216119149114
220531,18:37:14.924,-13.23454216751
220531,19:37:16.074,-13.225299319442
220531,20:37:17.231,-13.188471489806
220531,21:37:18.387,-13.216119149114
220531,22:37:19.540,-13.225299319442
220531,23:37:20.692,-13.206880862999
220601,00:37:21.847,-13.225299319442
220601,01:37:23.006,-13.225299319442
220601,02:37:24.161,-13.23454216751
220601,03:37:25.317,-13.225299319442
220601,04:37:26.475,-13.197705221209
220601,05:37:27.630,-13.26222400296
220601,06:37:28.773,-13.28066982587
220601,07:37:29.928,-13.216119149114
220601,08:37:31.087,-13.23454216751
220601,09:37:32.235,-13.206880862999
220601,10:00:23.792,-12.81284839181
220601,10:37:20.390,-13.114864316709
220601,10:45:01.915,-12.776362638547
220601,10:50:33.426,-13.105711224866
220601,10:51:57.933,-12.803708722183
220601,10:56:11.446,-13.142457566805
220601,11:00:11.958,-12.831074588631
220601,11:04:51.469,-13.142457566805
220601,11:18:11.004,-12.840220877315
220601,11:23:23.020,-13.188471489806
220601,11:28:35.034,-12.867553377666
220601,12:04:20.127,-13.179300369369
220601,13:04:21.280,-13.216119149114
220601,14:04:22.434,-13.26222400296
220601,15:04:23.585,-13.243787306764
220601,16:04:24.746,-13.225299319442
220601,17:04:25.900,-13.26222400296
220601,18:04:27.059,-13.225299319442
220601,19:04:28.215,-13.225299319442
220601,20:04:29.367,-13.243787306764
220601,21:04:30.524,-13.216119149114
220601,22:04:31.680,-13.26222400296
220601,23:04:32.838,-13.225299319442
220602,00:04:34.001,-13.197705221209
220602,01:04:35.163,-13.243787306764
220602,02:04:36.319,-13.23454216751
220602,03:04:37.474,-13.206880862999
220602,04:04:38.628,-13.206880862999
220602,05:04:39.785,-13.243787306764
220602,06:04:40.937,-13.225299319442
220602,07:04:42.098,-13.225299319442
220602,08:04:43.253,-13.206880862999
220602,09:04:44.411,-13.243787306764
220602,10:04:45.567,-13.206880862999
220602,11:04:46.723,-13.243787306764
220602,12:04:47.882,-13.197705221209
220602,13:04:49.032,-13.271415533628
220602,14:04:50.190,-13.289926418435
220602,15:04:51.348,-13.206880862999
220602,16:04:52.503,-13.26222400296
220602,17:04:53.656,-13.243787306764
220602,18:04:54.809,-13.23454216751
220602,19:04:55.969,-13.28066982587
220602,20:04:57.125,-13.252974290852
220602,21:04:58.276,-13.225299319442
220602,22:04:59.439,-13.271415533628
220602,23:05:00.595,-13.243787306764
220603,00:05:01.743,-13.206880862999
220603,01:05:02.897,-13.197705221209
220603,02:05:04.054,-13.225299319442
220603,03:05:05.203,-13.28066982587
220603,04:05:06.355,-13.252974290852
220603,05:05:07.512,-13.225299319442
220603,06:05:08.674,-13.216119149114
220603,07:05:09.825,-13.23454216751
220603,08:05:10.983,-13.197705221209
220603,09:00:00.126,-12.840220877315
220603,10:00:01.279,-12.676341540014
220603,11:00:02.435,-12.72178923397
220603,12:00:03.592,-12.676341540014
220603,13:00:04.740,-12.730849539524
220603,14:00:05.901,-12.694502177527
220603,15:00:07.053,-12.66723471889
220603,15:38:15.157,-13.059798865355
220603,16:38:16.313,-12.858460284542
220603,16:39:21.315,-13.197705221209
220603,16:42:49.325,-12.885865856716
220603,16:43:21.826,-13.216119149114
220603,17:43:22.983,-13.225299319442
220603,18:43:24.137,-13.206880862999
220603,19:43:25.298,-13.206880862999
220603,20:43:26.450,-13.243787306764
220603,21:43:27.613,-13.225299319442
220603,22:43:28.765,-13.197705221209
220603,23:43:29.915,-13.225299319442
220604,00:43:31.079,-13.216119149114
220604,01:43:32.237,-13.252974290852
220604,02:43:33.392,-13.271415533628
220604,03:43:34.547,-13.23454216751
220604,04:43:35.701,-13.206880862999
220604,05:43:36.853,-13.197705221209
220604,06:43:38.008,-13.225299319442
220604,07:43:39.158,-13.225299319442
220604,08:43:40.316,-13.26222400296
220604,09:43:41.478,-13.252974290852
220604,10:43:42.632,-13.206880862999
220604,11:43:43.784,-13.23454216751
220604,12:43:44.941,-13.28066982587
220604,13:43:46.092,-13.216119149114
220604,14:43:47.249,-13.225299319442
220604,15:43:48.402,-13.23454216751
220604,16:43:49.558,-13.225299319442
220604,17:43:50.710,-13.26222400296
220604,18:43:51.863,-13.271415533628
220604,19:43:53.017,-13.26222400296
220604,20:43:54.172,-13.188471489806
220604,21:43:55.317,-13.216119149114
220604,22:43:56.474,-13.206880862999
220604,23:43:57.631,-13.252974290852
220605,00:43:58.781,-13.243787306764
220605,01:43:59.941,-13.252974290852
220605,02:44:01.094,-13.216119149114
220605,03:44:02.248,-13.206880862999
220605,04:44:03.409,-13.26222400296
220605,05:44:04.561,-13.216119149114
220605,06:37:55.205,-12.867553377666
220605,07:37:56.362,-12.712671506166
220605,08:15:38.458,-13.059798865355
220605,09:15:39.610,-13.252974290852
220605,10:15:40.762,-13.252974290852
220605,11:15:41.914,-13.225299319442
220605,12:00:26.536,-12.867553377666
220605,13:00:27.694,-12.676341540014
220605,14:00:28.842,-12.694502177527
220605,14:56:42.487,-13.023133432177
220605,15:56:43.640,-13.23454216751
220605,16:42:39.754,-12.885865856716
220605,17:42:40.917,-12.658130079694
220605,18:41:56.567,-12.99562781534
220605,19:41:57.724,-13.216119149114
220605,20:41:58.875,-13.243787306764
220605,21:42:00.026,-13.23454216751
220605,22:42:01.180,-13.26222400296
220605,23:42:02.336,-13.216119149114
220606,00:42:03.489,-13.26222400296
220606,01:42:04.649,-13.243787306764
220606,02:42:05.795,-13.23454216751
220606,03:42:06.954,-13.216119149114
220606,04:42:08.111,-13.26222400296
220606,05:42:09.264,-13.225299319442
220606,06:42:10.427,-13.23454216751
220606,07:42:11.580,-13.243787306764
220606,08:42:12.739,-13.23454216751
220606,09:42:13.888,-13.271415533628
220606,10:42:15.049,-13.252974290852
220606,11:42:16.197,-13.28066982587
220606,12:42:17.345,-13.216119149114
220606,13:42:18.496,-13.23454216751
220606,14:42:19.647,-13.225299319442
220606,15:42:20.795,-13.197705221209
220606,16:42:21.952,-13.225299319442
220606,17:42:23.109,-13.216119149114
220606,18:42:24.257,-13.206880862999
220606,19:42:25.419,-13.26222400296
220606,20:42:26.576,-13.26222400296
220606,21:42:27.728,-13.216119149114
220606,22:42:28.881,-13.252974290852
220606,23:42:30.035,-13.29912479003
220607,00:42:31.194,-13.23454216751
220607,01:42:32.347,-13.197705221209
220607,02:42:33.504,-13.23454216751
220607,03:42:34.662,-13.26222400296
220607,04:42:35.818,-13.206880862999
220607,05:42:36.974,-13.289926418435
220607,06:42:38.130,-13.271415533628
220607,07:42:39.281,-13.243787306764
220607,08:42:40.430,-13.23454216751
220607,09:42:41.589,-13.252974290852
220607,10:42:42.745,-13.216119149114
220607,11:42:43.897,-13.225299319442
220607,12:13:10.474,-12.904127340969
220607,12:13:36.476,-13.23454216751
220607,12:17:43.489,-12.894965556698
220607,12:18:09.489,-13.197705221209
220607,12:21:04.996,-12.885865856716
220607,12:22:29.501,-13.197705221209
220607,12:30:24.020,-12.894965556698
220607,12:36:21.536,-13.206880862999
220607,13:36:22.693,-13.243787306764
220607,14:36:23.846,-13.216119149114
220607,15:36:25.001,-13.23454216751
220607,16:36:26.167,-13.216119149114
220607,17:36:27.325,-13.23454216751
220607,18:36:28.471,-13.188471489806
220607,19:36:29.631,-13.188471489806
220607,20:36:30.790,-13.225299319442
220607,21:36:31.952,-13.26222400296
220607,22:36:33.111,-13.197705221209
220607,23:36:34.264,-13.170071185455
220608,00:36:35.425,-13.271415533628
220608,01:36:36.578,-13.170071185455
220608,02:36:37.738,-13.243787306764
220608,03:36:38.891,-13.225299319442
220608,04:36:40.044,-13.216119149114
220608,05:36:41.194,-13.206880862999
220608,06:36:42.339,-13.243787306764
220608,07:36:43.493,-13.216119149114
220608,08:36:44.650,-13.216119149114
220608,09:36:45.798,-13.252974290852
220608,10:36:46.948,-13.197705221209
220608,11:36:48.105,-13.188471489806
220608,12:36:49.257,-13.197705221209
220608,13:36:50.410,-13.179300369369
220608,14:36:51.570,-13.23454216751
220608,15:36:52.723,-13.206880862999
220608,16:36:53.875,-13.179300369369
220608,17:36:55.031,-13.252974290852
220608,18:36:56.197,-13.26222400296
220608,19:36:57.349,-13.243787306764
220608,20:36:58.500,-13.225299319442
220608,21:36:59.655,-13.188471489806
220608,22:37:00.805,-13.26222400296
220608,23:37:01.955,-13.225299319442
220609,00:37:03.107,-13.243787306764
220609,01:37:04.261,-13.28066982587
220609,02:37:05.415,-13.271415533628
220609,03:37:06.570,-13.28066982587
220609,04:37:07.724,-13.28066982587
220609,05:37:08.884,-13.243787306764
220609,06:37:10.038,-13.271415533628
220609,07:37:11.191,-13.197705221209
220609,08:37:12.344,-13.28066982587
220609,09:37:13.501,-13.197705221209
220609,10:37:14.656,-13.225299319442
220609,11:37:15.808,-13.252974290852
220609,12:37:16.959,-13.188471489806
220609,13:37:18.118,-13.271415533628
220609,14:37:19.272,-13.23454216751
220609,15:37:20.423,-13.216119149114
220609,16:37:21.575,-13.243787306764
220609,17:37:22.729,-13.26222400296
220609,18:37:23.891,-13.26222400296
220609,19:37:25.046,-13.271415533628
220609,20:37:26.200,-13.23454216751
220609,21:37:27.350,-13.216119149114
220609,22:37:28.505,-13.243787306764
220609,23:37:29.659,-13.216119149114
220610,00:37:30.802,-13.252974290852
220610,01:37:31.954,-13.216119149114
220610,02:37:33.108,-13.26222400296
220610,03:37:34.265,-13.243787306764
220610,04:37:35.416,-13.26222400296
220610,05:37:36.577,-13.216119149114
220610,06:37:37.734,-13.23454216751
220610,07:37:38.887,-13.216119149114
220610,08:37:40.047,-13.197705221209
220610,09:37:41.199,-13.206880862999
220610,10:37:42.354,-13.243787306764
220610,11:37:43.514,-13.216119149114
220610,12:37:44.673,-13.28066982587
220610,13:37:45.823,-13.289926418435
220610,14:37:46.981,-13.225299319442
220610,15:37:48.134,-13.30838597369
220610,16:37:49.286,-13.225299319442
220610,17:37:50.442,-13.28066982587
220610,18:37:51.596,-13.26222400296
220610,19:37:52.751,-13.252974290852
220610,20:37:53.902,-13.252974290852
220610,21:37:55.059,-13.225299319442
220610,22:37:56.217,-13.225299319442
220610,23:37:57.375,-13.28066982587
220611,00:37:58.532,-13.289926418435
220611,01:37:59.683,-13.26222400296
220611,02:38:00.844,-13.26222400296
220611,03:38:02.002,-13.271415533628
220611,04:38:03.159,-13.23454216751
220611,05:38:04.316,-13.252974290852
220611,06:38:05.469,-13.23454216751
220611,07:38:06.629,-13.225299319442
220611,08:38:07.780,-13.252974290852
220611,09:38:08.935,-13.271415533628
220611,10:38:10.096,-13.225299319442
220611,11:38:11.249,-13.206880862999
220611,12:38:12.406,-13.271415533628
220611,13:38:13.562,-13.26222400296
220611,14:38:14.716,-13.225299319442
220611,15:38:15.865,-13.271415533628
220611,16:38:17.031,-13.289926418435
220611,17:38:18.186,-13.23454216751
220611,18:38:19.332,-13.225299319442
220611,19:38:20.493,-13.28066982587
220611,20:38:21.651,-13.206880862999
220611,21:38:22.802,-13.197705221209
220611,22:38:23.960,-13.271415533628
220611,23:38:25.116,-13.206880862999
220612,00:38:26.268,-13.271415533628
220612,01:38:27.424,-13.23454216751
220612,02:38:28.584,-13.271415533628
220612,03:38:29.742,-13.225299319442
220612,04:38:30.900,-13.26222400296
220612,05:38:32.056,-13.252974290852
220612,06:38:33.209,-13.197705221209
220612,07:38:34.358,-13.216119149114
220612,08:38:35.521,-13.197705221209
220612,09:38:36.681,-13.216119149114
220612,10:38:37.836,-13.206880862999
220612,11:38:38.989,-13.216119149114
220612,12:38:40.148,-13.271415533628
220612,13:38:41.305,-13.26222400296
220612,14:38:42.456,-13.206880862999
220612,15:38:43.615,-13.225299319442
220612,16:38:44.772,-13.252974290852
220612,17:38:45.933,-13.271415533628
220612,18:38:47.086,-13.216119149114
220612,19:38:48.238,-13.271415533628
220612,20:38:49.397,-13.271415533628
220612,21:38:50.552,-13.216119149114
220612,22:38:51.709,-13.271415533628
220612,23:38:52.869,-13.197705221209
220613,00:38:54.026,-13.28066982587
220613,01:38:55.182,-13.243787306764
220613,02:38:56.340,-13.225299319442
220613,03:38:57.493,-13.206880862999
220613,04:38:58.653,-13.28066982587
220613,05:38:59.809,-13.243787306764
220613,06:39:00.963,-13.206880862999
220613,07:39:02.118,-13.26222400296
220613,08:39:03.263,-13.225299319442
220613,09:39:04.422,-13.26222400296
220613,09:54:01.465,-12.867553377666
220613,10:54:02.620,-12.72178923397
220613,11:54:03.771,-12.739971639086
220613,12:39:27.387,-13.041461671444
220613,12:49:31.912,-12.739971639086
220613,13:36:39.534,-13.068940749062
220613,13:53:53.078,-12.767291446618
220613,13:55:17.583,-13.068940749062
220613,14:02:39.596,-12.749095934272
220613,14:41:20.201,-13.096500173781
220613,15:41:21.352,-13.23454216751
220613,16:41:22.511,-13.216119149114
220613,17:41:23.666,-13.252974290852
220613,18:41:24.822,-13.179300369369
220613,19:41:25.983,-13.23454216751
220613,20:41:27.138,-13.26222400296
220613,21:41:28.290,-13.289926418435
220613,22:41:29.447,-13.26222400296
220613,23:41:30.605,-13.26222400296
220614,00:41:31.764,-13.225299319442
220614,01:41:32.917,-13.23454216751
220614,02:41:34.073,-13.28066982587
220614,03:41:35.231,-13.216119149114
220614,04:41:36.381,-13.252974290852
220614,05:41:37.540,-13.26222400296
220614,06:41:38.694,-13.28066982587
220614,07:41:39.846,-13.271415533628
220614,08:41:40.999,-13.271415533628
220614,09:41:42.155,-13.206880862999
220614,10:41:43.307,-13.225299319442
220614,11:41:44.461,-13.289926418435
220614,12:41:45.620,-13.216119149114
220614,13:41:46.777,-13.206880862999
220614,14:41:47.933,-13.216119149114
220614,15:41:49.089,-13.28066982587
220614,16:41:50.243,-13.243787306764
220614,17:41:51.401,-13.252974290852
220614,18:41:52.558,-13.216119149114
220614,19:41:53.712,-13.26222400296
220614,20:41:54.874,-13.216119149114
220614,21:41:56.035,-13.271415533628
220614,22:41:57.193,-13.206880862999
220614,23:41:58.343,-13.206880862999
220615,00:41:59.499,-13.252974290852
220615,01:42:00.655,-13.216119149114
220615,02:42:01.808,-13.252974290852
220615,03:42:02.967,-13.206880862999
220615,04:42:04.117,-13.252974290852
220615,05:42:05.269,-13.23454216751
220615,06:42:06.422,-13.23454216751
220615,07:42:07.573,-13.243787306764
220615,08:42:08.725,-13.206880862999
220615,09:42:09.881,-13.188471489806
220615,10:42:11.040,-13.197705221209
220615,11:42:12.190,-13.243787306764
220615,12:42:13.349,-13.26222400296
220615,13:42:14.506,-13.225299319442
220615,14:42:15.667,-13.206880862999
220615,15:42:16.819,-13.216119149114
220615,16:42:17.978,-13.26222400296
220615,17:42:19.136,-13.23454216751
220615,18:42:20.294,-13.23454216751
220615,19:42:21.449,-13.26222400296
220615,20:42:22.606,-13.206880862999
220615,21:42:23.759,-13.23454216751
220615,22:42:24.913,-13.216119149114
220615,23:42:26.068,-13.216119149114
220616,00:42:27.223,-13.216119149114
220616,01:42:28.378,-13.197705221209
220616,02:42:29.530,-13.216119149114
220616,03:42:30.689,-13.216119149114
220616,04:42:31.844,-13.206880862999
220616,05:42:32.998,-13.197705221209
220616,06:42:34.153,-13.252974290852
220616,07:42:35.309,-13.252974290852
220616,08:42:36.468,-13.26222400296
220616,09:42:37.619,-13.26222400296
220616,10:42:38.774,-13.197705221209
220616,11:42:39.936,-13.289926418435
220616,12:42:41.097,-13.206880862999
220616,13:42:42.255,-13.271415533628
220616,14:42:43.409,-13.243787306764
220616,15:42:44.560,-13.243787306764
220616,16:42:45.716,-13.23454216751
220616,17:32:42.344,-12.92239767456
220616,17:33:40.848,-13.225299319442
220616,17:35:05.351,-12.913231449373
220616,17:35:50.849,-13.216119149114
220616,17:39:57.865,-12.885865856716
220616,17:46:08.384,-13.197705221209
220616,18:23:24.477,-12.81284839181
220616,18:39:33.021,-13.160844280023
220616,19:39:34.175,-13.225299319442
220616,20:39:35.328,-13.243787306764
220616,21:39:36.492,-13.206880862999
220616,22:39:37.647,-13.271415533628
220616,23:39:38.805,-13.243787306764
220617,00:39:39.962,-13.252974290852
220617,01:39:41.124,-13.23454216751
220617,02:39:42.274,-13.271415533628
220617,03:39:43.430,-13.216119149114
220617,04:39:44.593,-13.26222400296
220617,05:39:45.749,-13.225299319442
220617,06:39:46.903,-13.225299319442
220617,07:39:48.058,-13.252974290852
220617,08:39:49.211,-13.23454216751
220617,09:39:50.366,-13.216119149114
220617,10:39:51.524,-13.28066982587
220617,11:39:52.677,-13.363819676763
220617,12:39:53.838,-13.373096994577
220617,13:39:54.998,-13.391597914367
220617,14:39:56.147,-13.419396963053
220617,15:39:57.308,-13.243787306764
220617,16:39:58.459,-13.225299319442
220617,17:39:59.623,-13.23454216751
220617,18:40:00.777,-13.23454216751
220617,19:40:01.938,-13.23454216751
220617,20:40:03.088,-13.23454216751
220617,21:40:04.241,-13.225299319442
220617,22:40:05.399,-13.23454216751
220617,23:40:06.559,-13.206880862999
220618,00:40:07.716,-13.216119149114
220618,01:40:08.871,-13.197705221209
220618,02:40:10.030,-13.225299319442
220618,03:40:11.193,-13.216119149114
220618,04:40:12.347,-13.23454216751
220618,05:40:13.504,-13.216119149114
220618,06:40:14.660,-13.271415533628
220618,07:40:15.813,-13.197705221209
220618,08:40:16.966,-13.28066982587
220618,09:40:18.119,-13.252974290852
220618,10:40:19.273,-13.23454216751
220618,11:40:20.430,-13.216119149114
220618,12:40:21.589,-13.271415533628
220618,13:40:22.744,-13.243787306764
220618,14:40:23.901,-13.216119149114
220618,15:40:25.049,-13.243787306764
220618,16:40:26.206,-13.23454216751
220618,17:40:27.361,-13.216119149114
220618,18:40:28.518,-13.225299319442
220618,19:40:29.668,-13.23454216751
220618,20:40:30.813,-13.197705221209
220618,21:40:31.970,-13.216119149114
220618,22:40:33.128,-13.289926418435
220618,23:40:34.281,-13.206880862999
220619,00:40:35.436,-13.243787306764
220619,01:40:36.595,-13.243787306764
220619,02:40:37.755,-13.197705221209
220619,03:40:38.912,-13.252974290852
220619,04:40:40.063,-13.23454216751
220619,05:40:41.216,-13.26222400296
220619,06:40:42.369,-13.225299319442
220619,07:40:43.521,-13.23454216751
220619,08:40:44.671,-13.289926418435
220619,09:40:45.828,-13.225299319442
220619,10:40:46.981,-13.216119149114
220619,11:40:48.134,-13.197705221209
220619,12:40:49.285,-13.26222400296
220619,13:40:50.439,-13.243787306764
220619,14:40:51.596,-13.243787306764
220619,15:40:52.751,-13.271415533628
220619,16:40:53.903,-13.26222400296
220619,17:40:55.067,-13.23454216751
220619,18:40:56.221,-13.225299319442
220619,19:40:57.377,-13.28066982587
220619,20:40:58.534,-13.243787306764
220619,21:40:59.688,-13.26222400296
220619,22:41:00.842,-13.225299319442
220619,23:41:01.999,-13.28066982587
220620,00:41:03.148,-13.23454216751
220620,01:41:04.305,-13.28066982587
220620,02:41:05.461,-13.271415533628
220620,03:41:06.616,-13.28066982587
220620,04:41:07.771,-13.23454216751
220620,05:41:08.927,-13.23454216751
220620,06:41:10.088,-13.243787306764
220620,07:41:11.242,-13.23454216751
220620,08:41:12.400,-13.225299319442
220620,09:41:13.554,-13.206880862999
220620,09:56:23.592,-12.849309579312
220620,10:56:24.746,-12.712671506166
220620,11:56:25.896,-12.676341540014
220620,12:56:27.046,-12.75816276939
220620,13:35:07.647,-13.087351567577
220620,14:35:08.794,-13.243787306764
220620,14:48:41.333,-12.913231449373
220620,14:49:07.334,-13.225299319442
220620,14:56:22.853,-12.92239767456
220620,14:56:48.853,-13.225299319442
220620,15:05:54.873,-12.904127340969
220620,15:11:26.391,-13.216119149114
220620,15:26:03.930,-12.904127340969
220620,15:32:01.446,-13.206880862999
220620,16:32:02.601,-13.26222400296
220620,17:32:03.759,-13.197705221209
220620,17:56:19.819,-12.876708506384
220620,18:15:10.870,-13.179300369369
220620,19:15:12.029,-13.206880862999
220620,20:15:13.183,-13.206880862999
220620,21:15:14.341,-13.26222400296
220620,22:15:15.492,-13.243787306764
220620,23:15:16.651,-13.23454216751
220621,00:15:17.810,-13.26222400296
220621,01:15:18.969,-13.29912479003
220621,02:15:20.124,-13.225299319442
220621,03:15:21.277,-13.252974290852
220621,04:15:22.432,-13.225299319442
220621,05:15:23.585,-13.26222400296
220621,06:15:24.741,-13.23454216751
220621,07:15:25.892,-13.23454216751
220621,08:15:27.049,-13.197705221209
220621,09:15:28.206,-13.197705221209
220621,10:15:29.358,-13.225299319442
220621,11:15:30.516,-13.216119149114
220621,12:15:31.674,-13.243787306764
220621,13:15:32.830,-13.206880862999
220621,14:15:33.991,-13.225299319442
220621,15:15:35.149,-13.252974290852
220621,16:15:36.298,-13.225299319442
220621,17:15:37.456,-13.206880862999
220621,18:15:38.615,-13.29912479003
220621,19:15:39.771,-13.225299319442
220621,20:15:40.929,-13.26222400296
220621,21:15:42.082,-13.252974290852
220621,22:15:43.234,-13.23454216751
220621,23:15:44.389,-13.206880862999
220622,00:15:45.550,-13.23454216751
220622,01:15:46.702,-13.252974290852
220622,02:15:47.857,-13.26222400296
220622,03:15:49.011,-13.225299319442
220622,04:15:50.171,-13.271415533628
220622,05:15:51.318,-13.271415533628
220622,06:15:52.473,-13.216119149114
220622,07:15:53.625,-13.216119149114
220622,08:15:54.778,-13.28066982587
220622,09:15:55.932,-13.216119149114
220622,10:15:57.090,-13.30838597369
220622,11:15:58.246,-13.23454216751
220622,12:15:59.398,-13.23454216751
220622,13:16:00.554,-13.225299319442
220622,14:16:01.717,-13.26222400296
220622,15:16:02.868,-13.23454216751
220622,16:16:04.025,-13.23454216751
220622,17:16:05.177,-13.23454216751
220622,18:16:06.337,-13.289926418435
220622,19:16:07.495,-13.225299319442
220622,20:16:08.658,-13.225299319442
220622,21:16:09.808,-13.243787306764
220622,22:16:10.960,-13.26222400296
220622,23:16:12.116,-13.23454216751
220623,00:16:13.273,-13.243787306764
220623,01:16:14.427,-13.243787306764
220623,02:16:15.584,-13.28066982587
220623,03:16:16.742,-13.243787306764
220623,04:16:17.895,-13.23454216751
220623,05:16:19.056,-13.225299319442
220623,06:16:20.209,-13.317649463179
220623,07:16:21.369,-13.216119149114
220623,08:16:22.521,-13.289926418435
220623,09:16:23.676,-13.243787306764
220623,10:16:24.822,-13.28066982587
220623,11:16:25.979,-13.23454216751
220623,12:16:27.134,-13.26222400296
220623,13:16:28.290,-13.26222400296
220623,14:16:29.441,-13.29912479003
220623,15:16:30.599,-13.216119149114
220623,16:16:31.753,-13.252974290852
220623,17:16:32.914,-13.252974290852
220623,18:16:34.069,-13.271415533628
220623,19:16:35.222,-13.23454216751
220623,20:16:36.371,-13.30838597369
220623,21:16:37.524,-13.28066982587
220623,22:16:38.677,-13.206880862999
220623,23:16:39.824,-13.252974290852
220624,00:16:40.983,-13.30838597369
220624,01:16:42.137,-13.206880862999
220624,02:16:43.286,-13.243787306764
220624,03:16:44.434,-13.26222400296
220624,04:16:45.597,-13.23454216751
220624,05:16:46.747,-13.289926418435
220624,06:16:47.909,-13.271415533628
220624,07:16:49.063,-13.29912479003
220624,08:16:50.222,-13.29912479003
220624,09:16:51.377,-13.26222400296
220624,10:16:52.538,-13.225299319442
220624,11:16:53.693,-13.289926418435
220624,12:16:54.848,-13.243787306764
220624,13:16:56.005,-13.197705221209
220624,14:16:57.161,-13.28066982587
220624,15:16:58.313,-13.225299319442
220624,16:16:59.468,-13.23454216751
220624,17:17:00.621,-13.28066982587
220624,18:17:01.781,-13.23454216751
220624,19:17:02.936,-13.23454216751
220624,20:17:04.094,-13.252974290852
220624,21:17:05.245,-13.289926418435
220624,22:17:06.404,-13.252974290852
220624,23:17:07.558,-13.23454216751
220625,00:17:08.715,-13.271415533628
220625,01:17:09.872,-13.28066982587
220625,02:17:11.034,-13.243787306764
220625,03:17:12.186,-13.252974290852
220625,04:17:13.341,-13.23454216751
220625,05:17:14.500,-13.289926418435
220625,06:17:15.658,-13.30838597369
220625,07:17:16.816,-13.216119149114
220625,08:17:17.971,-13.216119149114
220625,09:17:19.126,-13.28066982587
220625,10:17:20.287,-13.225299319442
220625,11:17:21.443,-13.271415533628
220625,12:17:22.595,-13.28066982587
220625,13:17:23.755,-13.26222400296
220625,14:17:24.906,-13.289926418435
220625,15:17:26.067,-13.206880862999
220625,16:17:27.220,-13.271415533628
220625,17:17:28.376,-13.243787306764
220625,18:17:29.526,-13.252974290852
220625,19:17:30.685,-13.30838597369
220625,20:17:31.839,-13.252974290852
220625,21:17:32.992,-13.252974290852
220625,22:17:34.147,-13.216119149114
220625,23:17:35.305,-13.23454216751
220626,00:17:36.461,-13.206880862999
220626,01:17:37.617,-13.28066982587
220626,02:17:38.772,-13.28066982587
220626,03:17:39.933,-13.216119149114
220626,04:17:41.089,-13.243787306764
220626,05:17:42.240,-13.28066982587
220626,06:17:43.395,-13.243787306764
220626,07:17:44.547,-13.271415533628
220626,08:17:45.705,-13.23454216751
220626,09:17:46.857,-13.206880862999
220626,10:17:48.011,-13.216119149114
220626,11:17:49.164,-13.225299319442
220626,12:17:50.311,-13.28066982587
220626,13:17:51.473,-13.23454216751
220626,14:17:52.626,-13.243787306764
220626,15:17:53.777,-13.30838597369
220626,16:17:54.938,-13.225299319442
220626,17:17:56.095,-13.26222400296
220626,18:17:57.249,-13.26222400296
220626,19:17:58.400,-13.28066982587
220626,20:17:59.553,-13.289926418435
220626,21:18:00.706,-13.317649463179
220626,22:18:01.860,-13.243787306764
220626,23:18:03.012,-13.252974290852
220627,00:09:30.644,-12.904127340969
220627,01:09:31.795,-12.749095934272
220627,02:09:32.944,-12.694502177527
220627,03:09:34.100,-12.685391001704
220627,04:09:35.248,-12.685391001704
220627,04:41:00.327,-13.087351567577
220627,05:41:01.487,-13.216119149114
220627,06:41:02.645,-13.243787306764
220627,07:41:03.799,-13.28066982587
220627,08:41:04.953,-13.26222400296
220627,09:41:06.108,-13.29912479003
220627,10:41:07.259,-13.289926418435
220627,11:41:08.409,-13.26222400296
220627,12:41:09.570,-13.216119149114
220627,13:41:10.728,-13.216119149114
220627,14:41:11.879,-13.243787306764
220627,15:41:13.034,-13.289926418435
220627,16:41:14.197,-13.23454216751
220627,17:41:15.351,-13.28066982587
220627,18:41:16.503,-13.29912479003
220627,19:41:17.656,-13.225299319442
220627,20:41:18.810,-13.271415533628
220627,21:41:19.964,-13.26222400296
220627,22:41:21.122,-13.289926418435
220627,23:41:22.276,-13.243787306764
220628,00:41:23.432,-13.289926418435
220628,01:41:24.581,-13.28066982587
220628,02:41:25.743,-13.23454216751
220628,03:41:26.897,-13.23454216751
220628,04:41:28.054,-13.271415533628
220628,05:41:29.211,-13.28066982587
220628,06:41:30.367,-13.29912479003
220628,07:41:31.523,-13.271415533628
220628,08:41:32.681,-13.23454216751
220628,09:41:33.833,-13.243787306764
220628,10:41:34.986,-13.271415533628
220628,11:41:36.141,-13.243787306764
220628,12:41:37.300,-13.225299319442
220628,13:41:38.454,-13.243787306764
220628,14:41:39.605,-13.206880862999
220628,15:41:40.760,-13.289926418435
220628,16:41:41.912,-13.243787306764
220628,17:41:43.073,-13.216119149114
220628,18:41:44.223,-13.225299319442
220628,19:41:45.380,-13.23454216751
220628,20:41:46.529,-13.243787306764
220628,21:41:47.681,-13.243787306764
220628,22:41:48.833,-13.271415533628
220628,23:41:49.992,-13.289926418435
220629,00:41:51.150,-13.271415533628
220629,01:41:52.302,-13.289926418435
220629,02:41:53.461,-13.243787306764
220629,03:41:54.614,-13.243787306764
220629,04:41:55.758,-13.23454216751
220629,05:41:56.921,-13.28066982587
220629,06:41:58.073,-13.243787306764
220629,07:41:59.224,-13.225299319442
220629,08:42:00.373,-13.289926418435
220629,09:42:01.523,-13.26222400296
220629,10:42:02.684,-13.243787306764
220629,11:42:03.838,-13.243787306764
220629,12:42:04.991,-13.317649463179
220629,13:42:06.141,-13.289926418435
220629,14:42:07.300,-13.225299319442
220629,15:42:08.457,-13.28066982587
220629,16:42:09.607,-13.271415533628
220629,17:42:10.759,-13.28066982587
220629,18:39:55.414,-13.661058691292
220629,18:40:08.416,-13.30838597369
220629,19:40:09.569,-13.225299319442
220629,20:40:10.715,-13.243787306764
220629,21:40:11.873,-13.252974290852
220629,22:40:13.026,-13.252974290852
220629,23:40:14.184,-13.216119149114
220630,00:40:15.334,-13.28066982587
220630,01:40:16.501,-13.289926418435
220630,02:40:17.651,-13.225299319442
220630,03:40:18.813,-13.243787306764
220630,04:40:19.969,-13.252974290852
220630,05:40:21.121,-13.26222400296
220630,06:40:22.274,-13.30838597369
220630,07:40:23.427,-13.243787306764
220630,08:25:53.547,-13.60517813513
220630,08:26:06.546,-13.28066982587
220630,08:26:32.548,-12.949849778405
220630,08:28:42.553,-13.26222400296
220630,09:28:43.709,-13.206880862999
220630,10:28:44.857,-13.28066982587
220630,11:28:46.014,-13.28066982587
220630,12:28:47.170,-13.271415533628
220630,13:28:48.319,-13.206880862999
220630,14:28:49.482,-13.197705221209
220630,15:28:50.635,-13.225299319442
220630,16:28:51.793,-13.23454216751
220630,17:28:52.952,-13.216119149114
220630,18:28:54.108,-13.332245653796
220630,19:28:55.261,-13.216119149114
220630,20:28:56.411,-13.243787306764
220630,21:28:57.567,-13.28066982587
220630,22:28:58.715,-13.225299319442
220630,23:28:59.865,-13.23454216751
220701,00:29:01.017,-13.29912479003
220701,01:29:02.175,-13.243787306764
220701,02:29:03.323,-13.225299319442
220701,03:29:04.480,-13.252974290852
220701,04:29:05.632,-13.225299319442
220701,05:29:06.788,-13.289926418435
220701,06:29:07.940,-13.26222400296
220701,07:29:09.099,-13.26222400296
220701,08:29:10.252,-13.271415533628
220701,09:10:33.362,-12.840220877315
220701,10:10:34.518,-12.694502177527
220701,11:10:35.670,-12.694502177527
220701,12:10:36.825,-12.730849539524
220701,13:00:52.956,-13.068940749062
220701,14:00:54.111,-13.271415533628
220701,15:00:55.268,-13.29912479003
220701,16:00:56.422,-13.23454216751
220701,17:00:57.574,-13.252974290852
220701,18:00:58.733,-13.271415533628
220701,19:00:59.884,-13.225299319442
220701,20:01:01.038,-13.23454216751
220701,21:01:02.198,-13.23454216751
220701,22:01:03.353,-13.28066982587
220701,23:01:04.506,-13.23454216751
220702,00:01:05.660,-13.26222400296
220702,01:01:06.814,-13.30838597369
220702,02:01:07.970,-13.243787306764
220702,03:01:09.123,-13.271415533628
220702,04:01:10.277,-13.289926418435
220702,05:01:11.430,-13.206880862999
220702,06:01:12.596,-13.289926418435
220702,07:01:13.751,-13.26222400296
220702,08:01:14.902,-13.243787306764
220702,09:01:16.058,-13.26222400296
220702,10:01:17.218,-13.216119149114
220702,11:01:18.370,-13.243787306764
220702,12:01:19.528,-13.225299319442
220702,13:01:20.684,-13.271415533628
220702,14:01:21.836,-13.289926418435
220702,15:01:22.992,-13.23454216751
220702,16:01:24.150,-13.26222400296
220702,17:01:25.301,-13.26222400296
220702,18:01:26.452,-13.271415533628
220702,19:01:27.608,-13.252974290852
220702,20:01:28.758,-13.243787306764
220702,21:01:29.909,-13.243787306764
220702,22:01:31.065,-13.225299319442
220702,23:01:32.225,-13.289926418435
220703,00:01:33.384,-13.271415533628
220703,01:01:34.535,-13.26222400296
220703,02:01:35.687,-13.252974290852
220703,03:01:36.844,-13.23454216751
220703,04:01:38.005,-13.243787306764
220703,05:01:39.160,-13.26222400296
220703,06:01:40.313,-13.26222400296
220703,07:01:41.469,-13.206880862999
220703,08:01:42.626,-13.243787306764
220703,09:01:43.779,-13.23454216751
220703,10:01:44.928,-13.23454216751
220703,11:01:46.085,-13.29912479003
220703,12:01:47.239,-13.243787306764
220703,13:01:48.398,-13.289926418435
220703,14:01:49.557,-13.225299319442
220703,15:01:50.711,-13.225299319442
220703,16:01:51.862,-13.243787306764
220703,17:01:53.020,-13.289926418435
220703,18:01:54.174,-13.23454216751
220703,19:01:55.333,-13.225299319442
220703,20:01:56.493,-13.206880862999
220703,21:01:57.650,-13.29912479003
220703,22:01:58.802,-13.252974290852
220703,23:01:59.964,-13.271415533628
220704,00:02:01.117,-13.29912479003
220704,01:02:02.272,-13.26222400296
220704,02:02:03.429,-13.26222400296
220704,03:02:04.583,-13.289926418435
220704,04:02:05.739,-13.30838597369
220704,05:02:06.898,-13.26222400296
220704,06:02:08.052,-13.243787306764
220704,07:02:09.210,-13.23454216751
220704,08:02:10.368,-13.23454216751
220704,09:02:11.525,-13.26222400296
220704,10:02:12.675,-13.26222400296
220704,11:02:13.826,-13.225299319442
220704,12:02:14.985,-13.243787306764
220704,13:02:16.139,-13.243787306764
220704,14:02:17.283,-13.23454216751
220704,15:02:18.435,-13.26222400296
220704,16:02:19.592,-13.225299319442
220704,17:02:20.751,-13.243787306764
220704,18:02:21.907,-13.289926418435
220704,19:02:23.054,-13.252974290852
220704,20:02:24.216,-13.271415533628
220704,21:02:25.371,-13.271415533628
220704,22:02:26.527,-13.252974290852
220704,23:02:27.678,-13.216119149114
220705,00:02:28.832,-13.26222400296
220705,01:02:29.988,-13.28066982587
220705,02:02:31.145,-13.26222400296
220705,02:16:03.678,-12.831074588631
220705,03:16:04.833,-12.75816276939
220705,04:16:05.990,-12.767291446618
220705,04:28:40.025,-13.179300369369
220705,05:28:41.177,-13.271415533628
220705,06:28:42.336,-13.28066982587
220705,07:28:43.487,-13.243787306764
220705,08:28:44.646,-13.252974290852
220705,09:28:45.800,-13.206880862999
220705,10:28:46.961,-13.289926418435
220705,11:28:48.117,-13.28066982587
220705,12:28:49.267,-13.30838597369
220705,13:28:50.421,-13.289926418435
220705,14:28:51.581,-13.29912479003
220705,15:28:52.738,-13.23454216751
220705,16:28:53.887,-13.317649463179
220705,16:47:51.437,-13.004754084837
220705,16:49:41.947,-12.703615540402
220705,17:49:43.098,-12.685391001704
220705,18:49:44.256,-12.658130079694
220705,19:49:45.413,-12.694502177527
220705,20:49:46.569,-12.794571260254
220705,21:49:47.724,-12.749095934272
220705,22:49:48.875,-12.685391001704
220705,23:49:50.031,-12.703615540402
220706,00:49:51.188,-12.703615540402
220706,01:49:52.347,-12.739971639086
220706,02:02:39.380,-13.059798865355
220706,03:02:40.536,-13.29912479003
220706,04:02:41.692,-13.225299319442
220706,04:34:45.770,-12.840220877315
220706,05:34:46.928,-12.703615540402
220706,06:34:48.087,-12.712671506166
220706,07:34:49.236,-12.703615540402
220706,08:34:50.387,-12.703615540402
220706,09:34:51.550,-12.749095934272
220706,10:34:52.705,-12.776362638547
220706,11:34:53.861,-12.785495704685
220706,12:34:55.016,-12.703615540402
220706,13:34:56.177,-12.72178923397
220706,14:11:20.273,-13.059798865355
220706,15:11:21.426,-13.252974290852
220706,16:11:22.577,-13.243787306764
220706,17:11:23.734,-13.252974290852
220706,18:11:24.886,-13.26222400296
220706,19:11:26.041,-13.252974290852
220706,20:11:27.198,-13.271415533628
220706,21:11:28.354,-13.29912479003
220706,22:11:29.507,-13.28066982587
220706,23:11:30.663,-13.317649463179
220707,00:11:31.813,-13.252974290852
220707,01:11:32.963,-13.345332588222
220707,02:11:34.121,-13.32685469208
220707,02:21:45.143,-12.913231449373
220707,03:21:46.298,-12.803708722183
220707,04:21:47.456,-12.767291446618
220707,05:21:48.620,-12.739971639086
220707,06:21:49.775,-12.730849539524
220707,07:21:50.929,-12.803708722183
220707,08:21:52.078,-12.730849539524
220707,09:21:53.234,-12.739971639086
220707,10:21:54.386,-12.785495704685
220707,11:21:55.542,-12.730849539524
220707,12:21:56.703,-12.803708722183
220707,12:43:49.757,-13.124079886519
220707,13:43:50.916,-13.30838597369
220707,14:43:52.072,-13.32685469208
220707,15:43:53.225,-13.29912479003
220707,16:43:54.379,-13.32685469208
220707,17:43:55.533,-13.289926418435
220707,18:43:56.690,-13.289926418435
220707,19:43:57.846,-13.35460528924
220707,20:43:58.997,-13.29912479003
220707,21:44:00.154,-13.29912479003
220707,22:44:01.308,-13.271415533628
220707,23:44:02.462,-13.30838597369
220708,00:44:03.615,-13.345332588222
220708,01:44:04.761,-13.317649463179
220708,02:44:05.918,-13.332245653796
220708,03:44:07.075,-13.332245653796
220708,04:44:08.223,-13.28066982587
220708,05:44:09.380,-13.29912479003
220708,06:44:10.534,-13.28066982587
220708,07:44:11.699,-13.289926418435
220708,08:44:12.854,-13.317649463179
220708,09:44:14.012,-13.332245653796
220708,10:44:15.165,-13.29912479003
220708,11:44:16.318,-13.29912479003
220708,12:44:17.473,-13.30838597369
220708,13:44:18.626,-13.317649463179
220708,14:44:19.782,-13.29912479003
220708,15:44:20.936,-13.345332588222
220708,16:44:22.091,-13.29912479003
220708,17:44:23.251,-13.271415533628
220708,18:44:24.405,-13.345332588222
220708,19:44:25.565,-13.271415533628
220708,20:44:26.725,-13.332245653796
220708,21:44:27.883,-13.332245653796
220708,22:44:29.043,-13.345332588222
220708,23:44:30.197,-13.271415533628
220709,00:44:31.350,-13.35460528924
220709,01:44:32.497,-13.28066982587
220709,02:44:33.656,-13.29912479003
220709,03:44:34.809,-13.271415533628
220709,04:44:35.965,-13.28066982587
220709,05:44:37.115,-13.271415533628
220709,06:44:38.274,-13.32685469208
220709,07:44:39.428,-13.28066982587
220709,08:44:40.583,-13.289926418435
220709,09:44:41.735,-13.317649463179
220709,10:44:42.890,-13.26222400296
220709,11:44:44.052,-13.289926418435
220709,12:44:45.207,-13.345332588222
220709,13:44:46.365,-13.30838597369
220709,14:44:47.527,-13.317649463179
220709,15:44:48.676,-13.29912479003
220709,16:44:49.831,-13.317649463179
220709,17:44:50.989,-13.252974290852
220709,18:44:52.148,-13.271415533628
220709,19:44:53.293,-13.28066982587
220709,20:44:54.445,-13.271415533628
220709,21:44:55.604,-13.289926418435
220709,22:44:56.758,-13.32685469208
220709,23:44:57.908,-13.271415533628
220710,00:44:59.060,-13.32685469208
220710,01:45:00.215,-13.30838597369
220710,02:45:01.365,-13.28066982587
220710,03:45:02.524,-13.332245653796
220710,04:45:03.682,-13.26222400296
220710,05:45:04.838,-13.332245653796
220710,06:45:05.993,-13.28066982587
220710,07:45:07.147,-13.32685469208
220710,08:45:08.298,-13.289926418435
220710,09:45:09.453,-13.289926418435
220710,10:45:10.609,-13.289926418435
220710,11:45:11.762,-13.29912479003
220710,12:45:12.919,-13.28066982587
220710,13:45:14.075,-13.332245653796
220710,14:18:49.158,-12.986443741741
220710,15:18:50.314,-12.75816276939
220710,15:22:05.322,-13.114864316709
220710,15:31:30.842,-12.81284839181
220710,16:31:32.000,-12.803708722183
220710,17:31:33.163,-12.840220877315
220710,18:31:34.318,-12.831074588631
220710,19:31:35.470,-12.81284839181
220710,19:45:40.507,-13.23454216751
220710,20:02:41.050,-12.904127340969
220710,21:02:42.202,-12.858460284542
220710,22:00:00.849,-13.225299319442
220710,22:09:58.877,-12.904127340969
220710,22:33:09.935,-13.23454216751
220710,23:33:11.091,-13.363819676763
220711,00:33:12.244,-13.437920998664
220711,01:33:13.400,-13.419396963053
220711,02:33:14.557,-13.437920998664
220711,03:33:15.713,-13.419396963053
220711,04:33:16.869,-13.382376631134
220711,05:33:18.027,-13.382376631134
220711,06:33:19.184,-13.447216872829
220711,06:45:01.213,-13.096500173781
220711,07:36:54.846,-12.794571260254
220711,08:36:56.006,-12.849309579312
220711,09:36:57.160,-12.840220877315
220711,10:36:58.309,-12.885865856716
220711,11:36:59.461,-12.92239767456
220711,12:37:00.614,-12.904127340969
220711,13:37:01.764,-12.849309579312
220711,14:04:26.332,-13.30838597369
220711,15:04:27.487,-13.456454300443
220711,16:04:28.639,-13.41010806334
220711,16:55:23.766,-13.023133432177
220711,17:01:53.785,-13.363819676763
220711,18:01:54.948,-13.437920998664
220711,19:01:56.108,-13.391597914367
220711,19:19:48.653,-12.986443741741
220711,20:19:49.808,-12.931566130118
220711,21:19:50.966,-12.876708506384
220711,22:19:52.126,-12.940676871424
220711,23:19:53.280,-12.867553377666
220711,23:54:46.368,-13.179300369369
220712,00:04:24.899,-12.876708506384
220712,00:37:20.980,-13.225299319442
220712,01:30:13.113,-13.540060602447
220712,02:30:14.271,-13.437920998664
220712,03:30:15.423,-13.41010806334
220712,03:34:15.933,-13.087351567577
220712,04:34:17.093,-12.858460284542
220712,05:34:18.245,-12.858460284542
220712,06:34:19.399,-12.858460284542
220712,07:34:20.554,-12.92239767456
220712,08:34:21.710,-12.876708506384
220712,09:34:22.864,-12.913231449373
220712,10:17:03.971,-13.23454216751
220712,11:17:05.120,-13.437920998664
220712,12:17:06.279,-13.447216872829
220712,13:17:07.432,-13.475057693866
220712,13:59:29.039,-13.151679935567
220712,14:01:26.043,-13.475057693866
220712,14:05:07.053,-13.133297725796
220712,14:05:59.058,-13.437920998664
220712,14:13:40.574,-13.114864316709
220712,14:19:31.593,-13.437920998664
220712,15:19:32.743,-13.484302072579
220712,16:11:13.380,-13.124079886519
220712,16:16:18.893,-13.437920998664
220712,16:17:56.393,-13.07814502807
220712,16:23:53.907,-13.400882178802
220712,16:27:08.918,-13.068940749062
220712,16:32:14.432,-13.391597914367
220712,16:38:11.949,-13.059798865355
220712,16:43:30.458,-13.428688190797
220712,16:43:56.462,-13.07814502807
220712,16:44:48.464,-13.391597914367
220712,17:44:49.619,-13.493609603042
220712,18:44:50.774,-13.41010806334
220712,19:44:51.930,-13.437920998664
220712,20:44:53.085,-13.419396963053
220712,21:44:54.236,-13.475057693866
220712,22:44:55.385,-13.475057693866
220712,23:44:56.541,-13.502858620047
220713,00:44:57.691,-13.437920998664
220713,01:44:58.847,-13.447216872829
220713,02:38:36.482,-13.004754084837
220713,03:38:37.636,-12.894965556698
220713,04:38:38.788,-12.904127340969
220713,05:38:39.943,-12.931566130118
220713,06:20:29.050,-13.332245653796
220713,07:20:30.202,-13.493609603042
220713,08:20:31.353,-13.447216872829
220713,09:20:32.510,-13.456454300443
220713,10:20:33.663,-13.46575482847
220713,11:20:34.815,-13.456454300443
220713,12:20:35.974,-13.419396963053
220713,13:20:37.128,-13.484302072579
220713,14:20:38.275,-13.540060602447
220713,15:20:39.430,-13.521424485798
220713,16:20:40.590,-13.46575482847
220713,17:20:41.748,-13.46575482847
220713,18:20:42.901,-13.502858620047
220713,19:20:44.061,-13.53074136886
220713,20:20:45.218,-13.46575482847
220713,21:20:46.373,-13.484302072579
220713,22:20:47.527,-13.521424485798
220713,23:20:48.677,-13.502858620047
220714,00:20:49.832,-13.484302072579
220714,01:20:50.987,-13.428688190797
220714,02:20:52.138,-13.51217082306
220714,03:20:53.297,-13.484302072579
220714,04:20:54.459,-13.447216872829
220714,05:20:55.620,-13.521424485798
220714,06:20:56.774,-13.475057693866
220714,07:20:57.927,-13.475057693866
220714,08:20:59.082,-13.475057693866
220714,09:21:00.233,-13.521424485798
220714,10:21:01.389,-13.502858620047
220714,11:21:02.543,-13.53074136886
220714,12:21:03.696,-13.540060602447
220714,13:21:04.852,-13.437920998664
220714,14:21:06.006,-13.456454300443
220714,15:21:07.168,-13.521424485798
220714,16:21:08.324,-13.46575482847
220714,17:21:09.479,-13.484302072579
220714,18:21:10.634,-13.46575482847
220714,18:57:21.731,-13.068940749062
220714,19:57:22.889,-12.949849778405
220714,20:57:24.045,-12.904127340969
220714,21:57:25.197,-12.904127340969
220714,22:57:26.347,-12.949849778405
220714,23:57:27.504,-12.885865856716
220715,00:57:28.658,-12.986443741741
220715,01:57:29.806,-12.904127340969
220715,02:57:30.966,-12.99562781534
220715,03:57:32.119,-12.904127340969
220715,04:57:33.278,-12.913231449373
220715,05:57:34.438,-12.949849778405
220715,06:08:17.961,-13.332245653796
220715,07:08:19.115,-13.521424485798
220715,08:08:20.275,-13.484302072579
220715,09:08:21.427,-13.567910497731
220715,10:08:22.589,-13.549321255414
220715,11:08:23.738,-13.53074136886
220715,12:08:24.894,-13.493609603042
220715,13:08:26.052,-13.502858620047
220715,14:08:27.210,-13.540060602447
220715,15:08:28.366,-13.549321255414
220715,16:08:29.518,-13.521424485798
220715,17:08:30.672,-13.567910497731
220715,18:08:31.830,-13.540060602447
220715,19:08:32.990,-13.558645180343
220715,20:08:34.142,-13.502858620047
220715,21:08:35.294,-13.549321255414
220715,22:08:36.447,-13.540060602447
220715,23:08:37.604,-13.53074136886
220716,00:08:38.758,-13.484302072579
220716,01:08:39.915,-13.540060602447
220716,02:08:41.066,-13.493609603042
220716,03:08:42.220,-13.484302072579
220716,04:08:43.372,-13.493609603042
220716,05:08:44.526,-13.493609603042
220716,06:08:45.684,-13.475057693866
220716,07:08:46.840,-13.51217082306
220716,08:08:47.998,-13.484302072579
220716,09:08:49.154,-13.475057693866
220716,10:08:50.302,-13.502858620047
220716,11:08:51.450,-13.51217082306
220716,12:08:52.604,-13.540060602447
220716,13:08:53.758,-13.51217082306
220716,14:08:54.907,-13.475057693866
220716,15:08:56.066,-13.502858620047
220716,16:08:57.214,-13.540060602447
220716,17:08:58.364,-13.456454300443
220716,18:08:59.518,-13.540060602447
220716,19:09:00.668,-13.53074136886
220716,20:09:01.818,-13.53074136886
220716,21:09:02.968,-13.493609603042
220716,22:09:04.122,-13.456454300443
220716,23:09:05.270,-13.521424485798
220717,00:09:06.425,-13.46575482847
220717,01:09:07.576,-13.51217082306
220717,02:09:08.734,-13.475057693866
220717,03:09:09.892,-13.502858620047
220717,04:09:11.048,-13.558645180343
220717,05:09:12.205,-13.475057693866
220717,06:09:13.361,-13.493609603042
220717,07:09:14.528,-13.456454300443
220717,08:09:15.666,-13.549321255414
220717,09:09:16.819,-13.484302072579
220717,10:09:17.971,-13.540060602447
220717,11:09:19.125,-13.53074136886
220717,12:09:20.277,-13.493609603042
220717,13:09:21.430,-13.558645180343
220717,14:09:22.582,-13.493609603042
220717,15:09:23.738,-13.456454300443
220717,16:09:24.885,-13.51217082306
220717,17:09:26.046,-13.549321255414
220717,18:09:27.197,-13.540060602447
220717,19:09:28.352,-13.540060602447
220717,20:09:29.515,-13.502858620047
220717,21:09:30.668,-13.53074136886
220717,22:09:31.824,-13.502858620047
220717,23:09:32.982,-13.51217082306
220718,00:09:34.137,-13.51217082306
220718,01:09:35.292,-13.567910497731
220718,02:09:36.448,-13.456454300443
220718,03:09:37.599,-13.53074136886
220718,04:09:38.746,-13.484302072579
220718,05:09:39.904,-13.51217082306
220718,05:13:59.914,-13.151679935567
220718,06:14:01.065,-12.949849778405
220718,07:14:02.219,-12.904127340969
220718,08:14:03.371,-12.894965556698
220718,09:14:04.533,-12.940676871424
220718,09:18:44.045,-13.289926418435
220718,10:18:45.197,-13.53074136886
220718,11:18:46.345,-13.484302072579
220718,12:18:47.504,-13.475057693866
220718,13:18:48.655,-13.502858620047
220718,14:18:49.806,-13.456454300443
220718,15:18:50.960,-13.502858620047
220718,16:18:52.115,-13.53074136886
220718,17:18:53.266,-13.493609603042
220718,18:18:54.423,-13.502858620047
220718,19:18:55.581,-13.502858620047
220718,20:18:56.733,-13.502858620047
220718,21:18:57.887,-13.53074136886
220718,22:18:59.046,-13.51217082306
220718,23:19:00.202,-13.51217082306
220719,00:19:01.354,-13.540060602447
220719,01:19:02.507,-13.502858620047
220719,02:19:03.664,-13.558645180343
220719,03:19:04.817,-13.540060602447
220719,04:19:05.970,-13.540060602447
220719,05:19:07.122,-13.502858620047
220719,06:19:08.275,-13.540060602447
220719,07:19:09.428,-13.475057693866
220719,08:19:10.580,-13.484302072579
220719,09:19:11.736,-13.521424485798
220719,10:19:12.885,-13.521424485798
220719,11:19:14.044,-13.540060602447
220719,12:19:15.207,-13.51217082306
220719,13:19:16.356,-13.493609603042
220719,14:19:17.514,-13.549321255414
220719,15:19:18.664,-13.549321255414
220719,16:19:19.817,-13.540060602447
220719,17:19:20.974,-13.540060602447
220719,18:19:22.126,-13.502858620047
220719,19:19:23.284,-13.51217082306
220719,20:08:47.414,-13.059798865355
220719,21:08:48.568,-12.97726191085
220719,22:08:49.725,-12.940676871424
220719,22:20:05.753,-13.32685469208
220719,23:20:06.900,-13.51217082306
220720,00:20:08.059,-13.558645180343
220720,01:00:19.666,-13.188471489806
220720,01:02:55.671,-12.885865856716
220720,02:02:56.826,-12.97726191085
220720,03:02:57.979,-12.949849778405
220720,04:02:59.125,-12.913231449373
220720,04:35:16.204,-13.216119149114
220720,04:37:00.214,-13.521424485798
220720,05:05:10.285,-13.179300369369
220720,06:05:11.435,-12.949849778405
220720,07:05:12.594,-12.940676871424
220720,08:05:13.744,-13.032266387083
220720,09:05:14.897,-13.023133432177
220720,09:17:48.929,-13.41010806334
220720,10:17:50.081,-13.502858620047
220720,11:17:51.229,-13.502858620047
220720,12:17:52.386,-13.567910497731
220720,13:04:08.001,-13.206880862999
220720,13:36:57.590,-13.51217082306
220720,14:36:58.741,-13.586570105338
220720,15:36:59.892,-13.502858620047
220720,16:19:02.006,-13.124079886519
220720,17:19:03.161,-12.958964945522
220720,17:27:17.183,-13.345332588222
220720,17:37:54.208,-13.041461671444
220720,18:03:21.775,-13.400882178802
220720,19:03:22.930,-13.558645180343
220720,20:03:24.089,-13.57723912154
220720,20:49:13.708,-13.133297725796
220720,21:49:14.859,-12.958964945522
220720,22:49:16.013,-12.968142310943
220720,22:55:52.530,-13.32685469208
220720,23:55:53.693,-13.53074136886
220721,00:55:54.848,-13.57723912154
220721,01:55:56.005,-13.549321255414
220721,02:55:57.156,-13.586570105338
220721,03:55:25.805,-13.28066982587
220721,03:56:24.308,-12.968142310943
220721,04:56:25.461,-12.986443741741
220721,05:56:26.617,-13.004754084837
220721,06:31:19.705,-13.35460528924
220721,07:31:20.861,-13.558645180343
220721,08:31:22.015,-13.53074136886
220721,08:45:53.050,-13.225299319442
220721,09:14:48.623,-12.92239767456
220721,10:00:25.243,-13.32685469208
220721,11:00:26.397,-13.57723912154
220721,12:00:27.550,-13.558645180343
220721,13:00:28.708,-13.57723912154
220721,14:00:29.868,-13.57723912154
220721,15:00:31.022,-13.57723912154
220721,16:00:32.173,-13.567910497731
220721,17:00:33.324,-13.521424485798
220721,18:00:34.478,-13.51217082306
220721,19:00:35.635,-13.502858620047
220721,20:00:36.791,-13.521424485798
220721,21:00:37.951,-13.521424485798
220721,22:00:39.107,-13.53074136886
220721,23:00:40.258,-13.567910497731
220722,00:00:41.403,-13.549321255414
220722,01:00:42.563,-13.57723912154
220722,01:02:52.564,-13.243787306764
220722,01:05:22.073,-12.940676871424
220722,02:05:23.220,-12.97726191085
220722,03:05:24.376,-12.913231449373
220722,04:05:25.527,-13.004754084837
220722,05:05:26.679,-13.004754084837
220722,06:05:27.832,-13.032266387083
220722,07:05:28.987,-12.968142310943
220722,07:29:51.550,-13.428688190797
220722,08:29:52.703,-13.57723912154
220722,09:29:53.864,-13.586570105338
220722,10:29:55.019,-13.57723912154
220722,11:29:56.174,-13.53074136886
220722,12:29:57.319,-13.60517813513
220722,13:29:58.477,-13.540060602447
220722,14:29:59.629,-13.60517813513
220722,15:30:00.793,-13.549321255414
220722,16:30:01.945,-13.60517813513
220722,17:30:03.099,-13.558645180343
220722,18:30:04.259,-13.558645180343
220722,19:30:05.414,-13.60517813513
220722,19:54:14.977,-13.197705221209
220722,19:57:23.484,-12.894965556698
220722,20:57:24.639,-12.940676871424
220722,21:17:27.191,-13.363819676763
220722,22:17:28.341,-13.558645180343
220722,23:17:29.501,-13.549321255414
220723,00:17:30.654,-13.60517813513
220723,01:17:31.804,-13.60517813513
220723,02:17:32.956,-13.623795565954
220723,03:17:34.106,-13.586570105338
220723,04:17:35.266,-13.521424485798
220723,05:17:36.423,-13.586570105338
220723,06:17:37.577,-13.558645180343
220723,07:17:38.730,-13.549321255414
220723,08:17:39.887,-13.51217082306
220723,09:17:41.039,-13.558645180343
220723,10:17:42.196,-13.57723912154
220723,11:17:43.352,-13.567910497731
220723,12:17:44.511,-13.586570105338
220723,13:17:45.664,-13.540060602447
220723,14:17:46.818,-13.567910497731
220723,14:42:15.884,-13.216119149114
220723,14:44:45.392,-12.904127340969
220723,15:44:46.544,-12.92239767456
220723,16:44:47.696,-12.99562781534
220723,17:44:48.848,-13.013942634493
220723,18:44:50.006,-12.949849778405
220723,19:44:51.158,-12.99562781534
220723,20:44:52.317,-12.940676871424
220723,21:44:53.470,-12.940676871424
220723,22:44:54.629,-12.986443741741
220723,23:04:24.674,-13.419396963053
220724,00:04:25.835,-13.558645180343
220724,01:04:26.992,-13.549321255414
220724,02:04:28.145,-13.60517813513
220724,03:04:29.302,-13.51217082306
220724,04:04:30.458,-13.586570105338
220724,05:04:31.609,-13.567910497731
220724,06:04:32.765,-13.53074136886
220724,07:04:33.914,-13.60517813513
220724,08:04:35.074,-13.53074136886
220724,09:04:36.230,-13.540060602447
220724,10:04:37.385,-13.623795565954
220724,11:04:38.538,-13.57723912154
220724,12:04:39.689,-13.60517813513
220724,13:04:40.844,-13.57723912154
220724,14:04:41.994,-13.540060602447
220724,15:04:43.147,-13.521424485798
220724,16:04:44.300,-13.53074136886
220724,17:04:45.455,-13.540060602447
220724,18:04:46.603,-13.586570105338
220724,19:04:47.758,-13.57723912154
220724,20:04:48.921,-13.567910497731
220724,21:04:50.076,-13.586570105338
220724,22:04:51.230,-13.595842441097
220724,23:04:52.388,-13.549321255414
220725,00:04:53.540,-13.558645180343
220725,01:04:54.695,-13.521424485798
220725,02:04:55.855,-13.614455154103
220725,03:04:57.012,-13.549321255414
220725,04:04:58.160,-13.53074136886
220725,05:04:59.311,-13.549321255414
220725,06:05:00.467,-13.549321255414
220725,07:05:01.621,-13.614455154103
220725,08:05:02.774,-13.614455154103
220725,09:05:03.930,-13.60517813513
220725,10:05:05.090,-13.558645180343
220725,11:05:06.235,-13.586570105338
220725,12:05:07.386,-13.558645180343
220725,13:05:08.546,-13.549321255414
220725,13:06:20.044,-13.114864316709
220725,13:19:33.078,-13.437920998664
220725,14:19:34.229,-13.60517813513
220725,15:19:35.390,-13.567910497731
220725,16:19:36.545,-13.60517813513
220725,17:19:37.701,-13.567910497731
220725,18:19:38.857,-13.60517813513
220725,19:19:40.011,-13.540060602447
220725,19:44:35.072,-13.114864316709
220725,20:44:36.231,-12.99562781534
220725,21:44:37.381,-12.940676871424
220725,21:49:16.894,-13.252974290852
220725,21:50:34.893,-13.567910497731
220725,22:50:36.049,-13.549321255414
220725,23:50:37.208,-13.60517813513
220726,00:50:38.361,-13.567910497731
220726,01:50:39.518,-13.614455154103
220726,02:50:40.677,-13.595842441097
220726,03:50:41.829,-13.614455154103
220726,04:50:42.986,-13.549321255414
220726,05:50:44.143,-13.614455154103
220726,06:50:45.304,-13.57723912154
220726,07:50:46.458,-13.558645180343
220726,08:50:47.614,-13.595842441097
220726,09:50:48.761,-13.623795565954
220726,10:50:49.919,-13.558645180343
220726,11:50:51.075,-13.549321255414
220726,12:50:52.236,-13.549321255414
220726,13:50:53.386,-13.53074136886
220726,14:50:54.546,-13.567910497731
220726,15:50:55.702,-13.57723912154
220726,16:50:56.851,-13.549321255414
220726,17:50:58.011,-13.586570105338
220726,18:50:59.162,-13.558645180343
220726,19:51:00.320,-13.540060602447
220726,20:51:01.467,-13.614455154103
220726,21:51:02.631,-13.595842441097
220726,22:51:03.783,-13.558645180343
220726,23:51:04.936,-13.540060602447
220727,00:51:06.093,-13.567910497731
220727,01:51:07.246,-13.586570105338
220727,02:51:08.400,-13.57723912154
220727,03:51:09.553,-13.57723912154
220727,04:51:10.704,-13.623795565954
220727,05:51:11.852,-13.595842441097
220727,06:51:13.010,-13.57723912154
220727,07:51:14.156,-13.586570105338
220727,08:51:15.307,-13.60517813513
220727,09:51:16.463,-13.595842441097
220727,10:51:17.622,-13.595842441097
220727,11:51:18.773,-13.549321255414
220727,12:51:19.928,-13.57723912154
220727,13:51:21.084,-13.558645180343
220727,14:36:12.208,-13.216119149114
220727,14:36:44.708,-13.549321255414
220727,14:38:09.213,-13.243787306764
220727,14:38:28.711,-13.567910497731
220727,14:39:40.218,-13.243787306764
220727,14:45:50.734,-13.567910497731
220727,14:47:21.734,-13.252974290852
220727,14:48:07.239,-13.558645180343
220727,15:48:08.394,-13.60517813513
220727,16:48:09.548,-13.558645180343
220727,17:48:10.705,-13.558645180343
220727,18:48:11.858,-13.623795565954
220727,19:48:13.016,-13.567910497731
220727,19:56:33.536,-13.26222400296
220727,19:58:04.541,-12.958964945522
220727,20:44:00.662,-13.29912479003
220727,20:46:17.168,-13.614455154103
220727,21:46:18.317,-13.586570105338
220727,22:46:19.469,-13.623795565954
220727,23:40:36.106,-13.26222400296
220727,23:46:14.124,-12.949849778405
220728,00:46:15.278,-13.013942634493
220728,00:49:30.282,-13.32685469208
220728,00:50:41.788,-13.633138347309
220728,01:50:42.948,-13.614455154103
220728,02:50:44.103,-13.707721346994
220728,02:59:37.127,-13.32685469208
220728,03:00:55.127,-13.023133432177
220728,04:00:56.291,-12.968142310943
220728,05:00:57.443,-13.114864316709
220728,06:00:58.600,-13.013942634493
220728,07:00:59.755,-13.050599087224
220728,07:57:19.898,-13.437920998664
220728,08:14:00.938,-13.745130952282
220728,09:14:02.098,-13.651769923541
220728,10:14:03.254,-13.64242241295
220728,11:14:04.404,-13.717085477867
220728,12:14:05.556,-13.73575966516
220728,13:14:06.712,-13.689061408141
220728,14:14:07.866,-13.661058691292
220728,15:14:09.017,-13.60517813513
220728,16:14:10.170,-13.707721346994
220728,17:14:11.321,-13.60517813513
220728,18:14:12.477,-13.623795565954
220728,18:47:21.559,-13.26222400296
220728,18:59:03.592,-13.60517813513
220728,19:59:04.744,-13.717085477867
220728,20:59:05.893,-13.73575966516
220728,21:04:17.909,-13.382376631134
220728,21:05:22.908,-13.068940749062
220728,22:05:24.063,-13.023133432177
220728,23:05:25.219,-13.059798865355
220729,00:05:26.364,-13.124079886519
220729,01:05:27.527,-13.059798865355
220729,02:05:28.675,-13.142457566805
220729,03:05:29.830,-13.142457566805
220729,04:05:30.984,-13.142457566805
220729,05:05:32.152,-13.004754084837
220729,06:05:33.305,-13.059798865355
220729,07:05:34.460,-13.087351567577
220729,08:05:35.612,-13.041461671444
220729,09:05:36.765,-13.160844280023
220729,09:31:17.333,-13.567910497731
220729,10:31:18.488,-13.60517813513
220729,11:31:19.647,-13.670410938743
220729,12:31:20.801,-13.670410938743
220729,13:31:21.952,-13.633138347309
220729,14:31:23.110,-13.670410938743
220729,15:31:24.259,-13.73575966516
220729,15:50:41.300,-13.28066982587
220729,16:12:01.859,-12.968142310943
220729,17:12:03.015,-12.97726191085
220729,18:12:04.170,-12.97726191085
220729,19:12:05.320,-13.023133432177
220729,20:12:06.471,-13.114864316709
220729,21:12:07.626,-13.004754084837
220729,21:40:50.194,-13.456454300443
220729,22:04:07.755,-13.763819422614
220729,23:04:08.902,-13.670410938743
220730,00:04:10.059,-13.651769923541
220730,00:05:28.062,-13.271415533628
220730,00:50:58.177,-12.968142310943
220730,01:50:59.329,-12.97726191085
220730,02:51:00.477,-13.041461671444
220730,03:51:01.631,-13.023133432177
220730,04:03:48.664,-13.400882178802
220730,04:04:34.163,-13.707721346994
220730,05:04:35.327,-13.745130952282
220730,06:04:36.476,-13.661058691292
220730,07:04:37.629,-13.73575966516
220730,08:04:38.783,-13.745130952282
220730,09:04:39.937,-13.698420783006
220730,10:04:41.092,-13.745130952282
220730,11:04:42.245,-13.73575966516
220730,12:04:43.394,-13.614455154103
220730,12:14:54.419,-13.271415533628
220730,13:14:55.573,-13.068940749062
220730,14:14:56.723,-13.114864316709
220730,15:14:57.874,-13.07814502807
220730,16:14:59.023,-13.07814502807
220730,17:15:00.183,-13.059798865355
220730,18:15:01.332,-13.133297725796
220730,19:15:02.483,-13.050599087224
220730,20:15:03.639,-13.059798865355
220730,21:15:04.787,-13.170071185455
220730,22:15:05.940,-13.133297725796
220730,23:15:07.094,-13.050599087224
220731,00:15:08.246,-13.133297725796
220731,00:27:42.273,-13.57723912154
220731,01:27:43.425,-13.791900671459
220731,02:27:44.573,-13.707721346994
220731,02:48:32.626,-13.332245653796
220731,03:07:43.179,-13.023133432177
220731,04:07:44.327,-13.142457566805
220731,05:07:45.480,-13.059798865355
220731,06:07:46.629,-13.004754084837
220731,07:07:47.787,-13.133297725796
220731,07:24:54.828,-13.475057693866
220731,07:28:29.333,-13.791900671459
220731,08:28:30.491,-13.763819422614
220731,09:28:31.648,-13.754443360228
220731,10:28:32.797,-13.670410938743
220731,11:28:33.957,-13.679765565267
220731,12:28:35.106,-13.651769923541
220731,13:24:16.252,-13.28066982587
220731,13:29:21.769,-13.64242241295
220731,14:29:22.921,-13.64242241295
220731,15:29:24.076,-13.77313657845
220731,15:30:55.080,-13.271415533628
220731,15:33:44.088,-13.614455154103
220731,15:39:09.102,-13.289926418435
220731,15:54:51.645,-13.614455154103
220731,16:54:52.795,-13.64242241295
220731,17:54:53.945,-13.707721346994
220731,18:54:55.104,-13.707721346994
220731,19:54:56.260,-13.679765565267
220731,20:52:01.904,-13.252974290852
220731,21:52:03.060,-12.97726191085
220731,22:52:04.209,-13.004754084837
220731,23:52:05.366,-13.124079886519
220801,00:52:06.520,-13.023133432177
220801,01:52:07.677,-13.124079886519
220801,02:52:08.834,-13.096500173781
220801,03:52:09.984,-13.096500173781
220801,04:31:55.584,-13.521424485798
220801,05:31:56.735,-13.77313657845
220801,06:31:57.893,-13.77313657845
220801,07:31:59.042,-13.707721346994
220801,08:32:00.192,-13.726451997435
220801,09:32:01.345,-13.763819422614
220801,10:32:02.498,-13.698420783006
220801,11:10:30.090,-13.29912479003
220801,12:10:31.243,-13.26222400296
220801,12:58:24.364,-13.595842441097
220801,13:58:25.511,-13.707721346994
220801,14:58:26.662,-13.689061408141
220801,15:58:27.818,-13.698420783006
220801,16:50:40.955,-13.391597914367
220801,16:52:05.457,-13.059798865355
220801,17:52:06.615,-13.096500173781
220801,18:48:52.760,-13.400882178802
220801,18:49:51.263,-13.717085477867
220801,19:49:52.415,-13.661058691292
220801,20:49:53.564,-13.763819422614
220801,20:53:15.077,-13.35460528924
220801,20:55:25.078,-13.050599087224
220801,21:55:26.230,-13.133297725796
220801,22:55:27.384,-13.023133432177
220801,23:25:21.460,-13.484302072579
220801,23:30:39.974,-13.801224971353
220802,00:30:41.129,-13.782517423828
220802,01:30:42.281,-13.73575966516
220802,02:30:43.435,-13.651769923541
220802,03:30:44.591,-13.791900671459
220802,04:30:45.738,-13.670410938743
220802,05:30:46.892,-13.782517423828
220802,06:30:48.041,-13.717085477867
220802,07:11:12.645,-13.35460528924
220802,07:14:27.653,-13.050599087224
220802,08:14:28.798,-13.041461671444
220802,09:14:29.952,-13.059798865355
220802,10:14:31.104,-13.068940749062
220802,11:14:32.253,-13.059798865355
220802,12:14:33.413,-13.114864316709
220802,13:14:34.571,-13.142457566805
220802,14:14:35.720,-13.151679935567
220802,15:14:36.873,-13.07814502807
220802,16:03:47.998,-13.391597914367
220802,16:04:07.499,-13.707721346994
220802,17:04:08.654,-13.782517423828
220802,18:04:09.806,-13.763819422614
220802,19:04:10.961,-13.651769923541
220802,20:04:12.115,-13.689061408141
220802,20:11:47.136,-13.35460528924
220802,20:13:31.136,-13.032266387083
220802,21:13:32.292,-13.004754084837
220802,22:13:33.443,-13.124079886519
220802,23:13:34.599,-12.99562781534
220803,00:13:35.750,-13.087351567577
220803,01:13:36.903,-13.142457566805
220803,02:13:38.055,-13.023133432177
220803,03:13:39.218,-13.013942634493
220803,04:13:40.372,-13.041461671444
220803,05:13:41.525,-13.114864316709
220803,06:13:42.682,-13.151679935567
220803,06:38:11.747,-13.567910497731
220803,07:38:12.903,-13.754443360228
220803,08:38:14.059,-13.717085477867
220803,09:35:19.706,-13.41010806334
220803,09:36:05.204,-13.717085477867
220803,09:40:38.219,-13.400882178802
220803,09:41:04.221,-13.745130952282
220803,09:45:30.728,-13.400882178802
220803,09:51:15.247,-13.726451997435
220803,09:59:29.266,-13.373096994577
220803,10:01:06.767,-13.689061408141
220803,11:01:07.928,-13.73575966516
220803,12:01:09.084,-13.745130952282
220803,13:01:10.235,-13.763819422614
220803,14:01:11.386,-13.848066422074
220803,15:01:12.542,-13.698420783006
220803,16:01:13.694,-13.763819422614
220803,17:01:14.855,-13.791900671459
220803,18:01:16.013,-13.689061408141
220803,19:01:17.165,-13.77313657845
220803,20:01:18.319,-13.707721346994
220803,21:01:19.474,-13.679765565267
220803,22:01:20.630,-13.679765565267
220803,23:01:21.793,-13.782517423828
220804,00:01:22.951,-13.801224971353
220804,00:05:03.959,-13.493609603042
220804,00:05:23.460,-13.170071185455
220804,00:51:58.581,-13.53074136886
220804,01:51:59.732,-13.717085477867
220804,02:52:00.894,-13.782517423828
220804,03:06:25.431,-13.332245653796
220804,03:10:06.440,-13.023133432177
220804,04:10:07.596,-12.97726191085
220804,05:10:08.755,-13.096500173781
220804,06:10:09.903,-12.97726191085
220804,07:10:11.061,-13.041461671444
220804,08:10:12.217,-13.013942634493
220804,09:10:13.376,-13.023133432177
220804,10:10:14.532,-13.087351567577
220804,11:10:15.680,-13.013942634493
220804,12:10:16.834,-12.99562781534
220804,13:10:17.981,-13.013942634493
220804,13:16:21.998,-13.456454300443
220804,13:35:00.045,-13.763819422614
220804,14:35:01.186,-13.707721346994
220804,15:35:02.335,-13.763819422614
220804,16:35:03.486,-13.763819422614
220804,17:35:04.634,-13.698420783006
220804,18:35:05.792,-13.689061408141
220804,19:35:06.947,-13.689061408141
220804,20:35:08.104,-13.717085477867
220804,21:35:09.260,-13.73575966516
220804,21:36:07.762,-13.391597914367
220804,21:37:45.266,-13.087351567577
220804,22:37:46.426,-13.170071185455
220804,23:14:10.523,-13.586570105338
220805,00:14:11.677,-13.726451997435
220805,01:14:12.838,-13.707721346994
220805,02:14:13.992,-13.707721346994
220805,03:14:15.142,-13.717085477867
220805,04:14:16.305,-13.670410938743
220805,04:30:11.850,-13.317649463179
220805,04:33:26.860,-13.004754084837
220805,05:33:28.015,-13.096500173781
220805,06:33:29.170,-13.07814502807
220805,07:33:30.329,-13.07814502807
220805,08:33:31.480,-12.97726191085
220805,09:33:32.637,-13.068940749062
220805,10:33:33.789,-13.087351567577
220805,11:33:34.947,-12.99562781534
220805,12:33:36.104,-12.97726191085
220805,13:08:22.694,-13.475057693866
220805,13:11:50.704,-13.782517423828
220805,14:11:51.854,-13.707721346994
220805,14:51:37.454,-13.332245653796
220805,15:26:50.045,-13.64242241295
220805,15:34:31.569,-13.28066982587
220805,15:54:08.115,-13.623795565954
220805,16:00:18.630,-13.28066982587
220805,16:27:17.202,-13.623795565954
220805,17:27:18.350,-13.73575966516
220805,18:27:19.509,-13.754443360228
220805,19:27:20.664,-13.77313657845
220805,20:27:21.817,-13.707721346994
220805,21:27:22.971,-13.717085477867
220805,22:27:24.126,-13.782517423828
220805,23:27:25.278,-13.73575966516
220806,00:27:26.435,-13.801224971353
220806,01:27:27.600,-13.754443360228
220806,02:27:28.754,-13.810613013612
220806,03:14:23.371,-13.456454300443
220806,03:15:02.372,-13.142457566805
220806,03:40:03.940,-13.521424485798
220806,04:40:05.101,-13.707721346994
220806,05:40:06.258,-13.717085477867
220806,05:56:47.301,-13.35460528924
220806,05:58:05.305,-13.050599087224
220806,06:30:54.889,-13.456454300443
220806,06:33:24.395,-13.763819422614
220806,07:33:25.553,-13.77313657845
220806,08:33:26.704,-13.745130952282
220806,09:33:27.862,-13.810613013612
220806,10:33:29.018,-13.717085477867
220806,11:33:30.172,-13.791900671459
220806,12:33:31.332,-13.745130952282
220806,13:33:32.488,-13.782517423828
220806,14:33:33.646,-13.689061408141
220806,15:33:34.805,-13.670410938743
220806,16:03:02.877,-13.317649463179
220806,16:07:09.892,-13.013942634493
220806,16:48:39.495,-13.484302072579
220806,17:08:16.049,-13.801224971353
220806,18:08:17.208,-13.819942080654
220806,19:08:18.360,-13.698420783006
220806,19:26:23.906,-13.391597914367
220806,19:28:01.411,-13.07814502807
220806,20:28:02.568,-13.023133432177
220806,21:28:03.717,-12.986443741741
220806,22:28:04.876,-13.087351567577
220806,23:28:06.030,-13.023133432177
220807,00:28:07.185,-13.041461671444
220807,01:28:08.338,-13.059798865355
220807,02:28:09.494,-13.105711224866
220807,03:28:10.652,-13.124079886519
220807,04:28:11.810,-13.023133432177
220807,05:28:12.970,-13.114864316709
220807,06:28:14.131,-13.124079886519
220807,07:28:15.285,-13.050599087224
220807,08:28:16.450,-13.133297725796
220807,09:28:17.605,-13.124079886519
220807,10:06:06.203,-13.46575482847
220807,10:08:48.711,-13.77313657845
220807,11:08:49.863,-13.745130952282
220807,12:08:51.019,-13.782517423828
220807,12:59:59.155,-13.475057693866
220807,13:00:51.154,-13.160844280023
220807,14:00:52.310,-13.068940749062
220807,15:00:53.468,-12.986443741741
220807,16:00:54.625,-12.97726191085
220807,17:00:55.776,-13.023133432177
220807,18:00:56.928,-13.096500173781
220807,18:10:54.952,-13.558645180343
220807,19:10:56.109,-13.698420783006
220807,20:10:57.262,-13.698420783006
220807,21:10:58.413,-13.679765565267
220807,22:10:59.576,-13.801224971353
220807,23:11:00.729,-13.801224971353
220808,00:11:01.890,-13.782517423828
220808,01:11:03.049,-13.717085477867
220808,02:11:04.206,-13.689061408141
220808,03:11:05.362,-13.698420783006
220808,04:11:06.519,-13.810613013612
220808,05:11:07.670,-13.77313657845
220808,06:11:08.824,-13.754443360228
220808,07:11:09.980,-13.707721346994
220808,07:45:43.571,-13.391597914367
220808,07:46:22.570,-13.087351567577
220808,08:46:23.731,-12.949849778405
220808,09:46:24.885,-13.07814502807
220808,10:40:48.025,-13.437920998664
220808,10:42:38.526,-13.763819422614
220808,11:42:39.678,-13.745130952282
220808,12:42:40.829,-13.73575966516
220808,13:42:41.995,-13.754443360228
220808,14:42:43.150,-13.689061408141
220808,15:42:44.306,-13.726451997435
220808,16:42:45.458,-13.782517423828
220808,17:42:46.604,-13.745130952282
220808,18:42:47.756,-13.745130952282
220808,19:42:48.914,-13.73575966516
220808,20:42:50.065,-13.810613013612
220808,21:42:51.219,-13.754443360228
220808,22:42:52.374,-13.689061408141
220808,23:42:53.534,-13.726451997435
220809,00:42:54.690,-13.726451997435
220809,01:42:55.845,-13.791900671459
220809,02:42:57.000,-13.698420783006
220809,02:58:59.047,-13.30838597369
220809,03:01:28.549,-13.623795565954
220809,04:01:29.704,-13.754443360228
220809,04:55:39.842,-13.332245653796
220809,04:59:27.351,-13.023133432177
220809,05:59:28.508,-13.068940749062
220809,06:59:29.659,-12.986443741741
220809,07:59:30.821,-13.041461671444
220809,08:59:31.977,-13.050599087224
220809,09:59:33.132,-12.968142310943
220809,10:59:34.283,-13.023133432177
220809,11:59:35.441,-13.087351567577
220809,12:59:36.589,-12.931566130118
220809,13:59:37.749,-13.096500173781
220809,14:59:38.900,-13.105711224866
220809,15:59:40.058,-12.958964945522
220809,16:07:28.079,-13.391597914367
220809,16:08:26.581,-13.717085477867
220809,17:08:27.735,-13.754443360228
220809,18:08:28.893,-13.726451997435
220809,18:54:57.512,-13.373096994577
220809,18:56:48.016,-13.059798865355
220809,19:56:49.169,-12.958964945522
220809,20:56:50.322,-13.013942634493
220809,21:56:51.485,-13.032266387083
220809,22:56:52.640,-13.004754084837
220809,23:56:53.792,-13.07814502807
220810,00:56:54.947,-12.949849778405
220810,01:56:56.106,-13.096500173781
220810,02:26:37.181,-13.456454300443
220810,02:28:27.685,-13.77313657845
220810,03:28:28.838,-13.679765565267
220810,04:28:29.993,-13.829334925311
220810,05:28:31.149,-13.810613013612
220810,06:28:32.303,-13.763819422614
220810,07:28:33.465,-13.819942080654
220810,08:28:34.623,-13.726451997435
220810,09:28:35.773,-13.810613013612
220810,10:28:36.933,-13.810613013612
220810,11:28:38.096,-13.829334925311
220810,12:28:39.252,-13.77313657845
220810,13:28:40.406,-13.801224971353
220810,14:28:41.560,-13.73575966516
220810,15:28:42.715,-13.791900671459
220810,16:28:43.866,-13.791900671459
220810,17:28:45.022,-13.707721346994
220810,18:28:46.175,-13.763819422614
220810,19:28:47.329,-13.717085477867
220810,20:28:48.482,-13.726451997435
220810,21:28:49.633,-13.717085477867
220810,21:33:42.151,-13.400882178802
220810,21:35:39.156,-13.07814502807
220810,22:35:40.308,-13.004754084837
220810,23:35:41.470,-13.004754084837
220811,00:35:42.627,-12.97726191085
220811,01:35:43.784,-12.97726191085
220811,02:35:44.944,-12.97726191085
220811,03:35:46.103,-12.958964945522
220811,04:35:47.255,-13.050599087224
220811,05:35:48.407,-13.087351567577
220811,06:35:49.564,-13.059798865355
220811,07:35:50.724,-13.023133432177
220811,08:25:01.852,-13.558645180343
220811,09:25:03.004,-13.707721346994
220811,10:25:04.165,-13.763819422614
220811,11:25:05.323,-13.707721346994
220811,12:25:06.479,-13.754443360228
220811,13:25:07.631,-13.670410938743
220811,14:25:08.790,-13.717085477867
220811,15:25:09.946,-13.763819422614
220811,16:25:11.107,-13.829334925311
220811,17:25:12.264,-13.819942080654
220811,18:25:13.416,-13.717085477867
220811,19:25:14.575,-13.726451997435
220811,20:25:15.728,-13.745130952282
220811,21:25:16.883,-13.707721346994
220811,21:45:38.937,-13.317649463179
220811,21:56:54.961,-13.013942634493
220811,22:56:56.120,-13.004754084837
220811,23:56:57.276,-12.99562781534
220812,00:56:58.433,-12.99562781534
220812,01:56:59.595,-13.059798865355
220812,02:57:00.749,-13.050599087224
220812,03:57:01.904,-13.087351567577
220812,04:57:03.057,-12.99562781534
220812,05:57:04.213,-13.087351567577
220812,06:57:05.367,-13.087351567577
220812,07:57:06.521,-13.114864316709
220812,08:04:02.544,-13.60517813513
220812,09:04:03.694,-13.745130952282
220812,10:04:04.847,-13.801224971353
220812,11:04:06.000,-13.791900671459
220812,12:04:07.155,-13.717085477867
220812,13:04:08.309,-13.819942080654
220812,14:04:09.464,-13.698420783006
220812,15:04:10.616,-13.689061408141
220812,16:04:11.766,-13.698420783006
220812,17:04:12.925,-13.801224971353
220812,18:04:14.082,-13.801224971353
220812,19:04:15.242,-13.717085477867
220812,20:04:16.395,-13.707721346994
220812,20:59:57.540,-13.391597914367
220812,21:02:46.543,-13.07814502807
220812,22:02:47.704,-13.050599087224
220812,23:02:48.863,-13.087351567577
220813,00:02:50.013,-13.114864316709
220813,00:57:00.158,-13.475057693866
220813,00:59:55.665,-13.782517423828
220813,01:59:56.817,-13.707721346994
220813,02:59:57.968,-13.717085477867
220813,03:59:59.127,-13.717085477867
220813,04:47:19.746,-13.332245653796
220813,05:03:08.787,-13.023133432177
220813,05:35:45.366,-13.391597914367
220813,05:36:11.367,-13.717085477867
220813,06:36:12.522,-13.707721346994
220813,07:36:13.673,-13.726451997435
220813,08:36:14.826,-13.829334925311
220813,09:36:15.986,-13.73575966516
220813,10:36:17.142,-13.848066422074
220813,11:36:18.292,-13.801224971353
220813,12:36:19.447,-13.707721346994
220813,13:36:20.602,-13.838730181972
220813,14:36:21.753,-13.791900671459
220813,15:36:22.906,-13.819942080654
220813,16:36:24.066,-13.689061408141
220813,16:38:08.066,-13.373096994577
220813,16:39:45.573,-13.068940749062
220813,17:39:46.725,-13.013942634493
220813,18:39:47.884,-12.99562781534
220813,19:39:49.043,-13.032266387083
220813,20:39:50.197,-13.050599087224
220813,21:39:51.361,-12.940676871424
220813,22:39:52.518,-12.968142310943
220813,23:39:53.674,-13.068940749062
220814,00:39:54.830,-13.059798865355
220814,01:39:55.988,-13.013942634493
220814,02:39:57.144,-12.97726191085
220814,03:39:58.296,-13.050599087224
220814,04:39:59.449,-13.050599087224
220814,05:40:00.612,-13.114864316709
220814,06:02:26.174,-13.484302072579
220814,06:05:28.179,-13.791900671459
220814,07:05:29.332,-13.801224971353
220814,08:05:30.489,-13.689061408141
220814,08:45:16.091,-13.382376631134
220814,08:46:53.596,-13.068940749062
220814,08:49:42.602,-13.502858620047
220814,08:52:12.109,-13.810613013612
220814,09:52:13.262,-13.707721346994
220814,10:52:14.417,-13.754443360228
220814,11:52:15.576,-13.689061408141
220814,12:52:16.737,-13.707721346994
220814,13:52:17.890,-13.689061408141
220814,14:52:19.045,-13.707721346994
220814,15:52:20.195,-13.829334925311
220814,16:52:21.349,-13.782517423828
220814,17:52:22.505,-13.77313657845
220814,18:52:23.657,-13.707721346994
220814,19:52:24.809,-13.782517423828
220814,20:41:48.936,-13.332245653796
220814,20:47:33.452,-13.023133432177
220814,20:56:19.975,-13.32685469208
220814,21:02:17.491,-13.689061408141
220814,22:02:18.645,-13.754443360228
220814,23:02:19.802,-13.801224971353
220815,00:02:20.953,-13.810613013612
220815,01:02:22.108,-13.782517423828
220815,02:02:23.264,-13.77313657845
220815,03:02:24.418,-13.726451997435
220815,04:02:25.581,-13.77313657845
220815,05:02:26.733,-13.791900671459
220815,05:49:21.351,-13.41010806334
220815,05:50:06.858,-13.105711224866
220815,06:50:08.011,-12.97726191085
220815,07:50:09.160,-13.050599087224
220815,08:50:10.316,-13.004754084837
220815,09:50:11.473,-13.013942634493
220815,10:50:12.632,-12.940676871424
220815,11:50:13.787,-13.013942634493
220815,12:50:14.943,-13.041461671444
220815,13:50:16.099,-12.986443741741
220815,14:13:59.656,-13.29912479003
220815,14:14:25.658,-13.633138347309
220815,15:14:26.817,-13.819942080654
220815,16:01:01.938,-13.493609603042
220815,16:02:19.944,-13.801224971353
220815,16:02:52.445,-13.46575482847
220815,16:03:24.947,-13.782517423828
220815,16:05:08.952,-13.447216872829
220815,16:11:38.965,-13.754443360228
220815,16:14:27.978,-13.382376631134
220815,16:15:19.980,-13.707721346994
220815,17:11:59.626,-13.391597914367
220815,17:18:03.645,-13.698420783006
220815,17:24:20.662,-13.373096994577
220815,17:29:13.171,-13.679765565267
220815,18:29:14.329,-13.819942080654
220815,19:29:15.479,-13.810613013612
220815,20:29:16.632,-13.819942080654
220815,21:29:17.789,-13.763819422614
220815,22:29:18.947,-13.726451997435
220815,22:37:13.468,-13.419396963053
220815,22:37:52.469,-13.105711224866
220815,23:37:53.621,-13.133297725796
220816,00:37:54.774,-12.949849778405
220816,00:51:53.310,-13.419396963053
220816,00:52:38.812,-13.726451997435
220816,01:52:39.965,-13.707721346994
220816,02:52:41.117,-13.791900671459
220816,03:52:42.273,-13.829334925311
220816,04:52:43.427,-13.754443360228
220816,05:52:44.581,-13.829334925311
220816,06:52:45.739,-13.791900671459
220816,07:52:46.891,-13.726451997435
220816,08:52:48.053,-13.726451997435
220816,09:52:49.209,-13.810613013612
220816,10:52:50.363,-13.77313657845
220816,11:52:51.518,-13.73575966516
220816,12:52:52.676,-13.838730181972
220816,13:52:53.829,-13.782517423828
220816,14:52:54.983,-13.829334925311
220816,15:52:56.138,-13.717085477867
220816,16:39:24.760,-13.382376631134
220816,16:39:44.263,-13.689061408141
220816,17:25:20.878,-13.382376631134
220816,17:25:59.880,-13.707721346994
220816,17:27:50.381,-13.391597914367
220816,17:28:42.387,-13.726451997435
220816,17:31:50.896,-13.391597914367
220816,17:36:17.404,-13.791900671459
220816,17:37:35.410,-13.447216872829
220816,17:42:47.425,-13.754443360228
220816,17:44:50.927,-13.391597914367
220816,17:45:16.932,-13.73575966516
220816,17:53:11.452,-13.419396963053
220816,17:58:10.465,-13.726451997435
220816,18:00:07.465,-13.41010806334
220816,18:05:19.482,-13.717085477867
220816,18:06:04.983,-13.373096994577
220816,18:06:37.486,-13.754443360228
220816,18:09:45.990,-13.419396963053
220816,18:11:16.998,-13.726451997435
220816,18:15:50.009,-13.382376631134
220816,18:20:42.519,-13.707721346994
220816,18:22:46.024,-13.400882178802
220816,18:28:56.543,-13.707721346994
220816,18:29:48.547,-13.400882178802
220816,18:30:40.548,-13.717085477867
220816,18:33:16.555,-13.373096994577
220816,18:33:42.552,-13.679765565267
220816,19:33:43.710,-13.829334925311
220816,20:33:44.863,-13.782517423828
220816,21:33:46.018,-13.819942080654
220816,22:33:47.167,-13.848066422074
220816,23:33:48.320,-13.717085477867
220817,00:33:49.475,-13.754443360228
220817,01:33:50.630,-13.77313657845
220817,02:33:51.787,-13.745130952282
220817,03:33:52.944,-13.838730181972
220817,04:33:54.102,-13.763819422614
220817,05:33:55.256,-13.782517423828
220817,06:33:56.408,-13.754443360228
220817,07:33:57.566,-13.801224971353
220817,07:43:42.586,-13.447216872829
220817,07:44:54.091,-13.142457566805
220817,08:44:55.251,-13.096500173781
220817,09:44:56.408,-13.124079886519
220817,10:44:57.566,-13.124079886519
220817,11:44:58.719,-13.023133432177
220817,12:44:59.872,-13.023133432177
220817,13:45:01.026,-13.133297725796
220817,14:45:02.180,-13.050599087224
220817,15:45:03.338,-13.068940749062
220817,16:45:04.491,-13.133297725796
220817,17:45:05.646,-13.096500173781
220817,18:01:46.691,-13.400882178802
220817,18:02:19.193,-13.717085477867
220817,19:02:20.347,-13.763819422614
220817,20:02:21.508,-13.819942080654
220817,21:02:22.660,-13.567910497731
220817,22:02:23.813,-13.745130952282
220817,23:02:24.972,-13.857466492835
220818,00:02:26.118,-13.857466492835
220818,01:02:27.276,-13.73575966516
220818,02:02:28.429,-13.763819422614
220818,03:02:29.584,-13.77313657845
220818,04:02:30.733,-13.829334925311
220818,05:02:31.885,-13.791900671459
220818,06:02:33.043,-13.745130952282
220818,07:02:34.199,-13.810613013612
220818,08:02:35.352,-13.763819422614
220818,09:02:36.501,-13.838730181972
220818,10:02:37.664,-13.829334925311
220818,11:02:38.815,-13.73575966516
220818,12:02:39.974,-13.754443360228
220818,12:26:04.029,-13.428688190797
220818,12:31:55.047,-13.754443360228
220818,12:36:41.059,-13.419396963053
220818,12:37:07.060,-13.763819422614
220818,12:41:01.070,-13.391597914367
220818,12:41:33.568,-13.791900671459
220818,12:42:32.073,-13.437920998664
220818,12:48:23.084,-13.77313657845
220818,12:50:20.094,-13.456454300443
220818,12:56:24.108,-13.763819422614
220818,13:56:25.269,-13.717085477867
220818,14:56:26.420,-13.726451997435
220818,15:56:27.578,-13.745130952282
220818,16:56:28.730,-13.782517423828
220818,17:56:29.884,-13.791900671459
220818,18:56:31.041,-13.819942080654
220818,19:56:32.195,-13.754443360228
220818,20:56:33.355,-13.77313657845
220818,21:56:34.504,-13.819942080654
220818,22:56:35.661,-13.791900671459
220818,23:56:36.814,-13.717085477867
220819,00:56:37.968,-13.829334925311
220819,01:56:39.126,-13.698420783006
220819,02:52:20.270,-13.382376631134
220819,02:54:10.774,-13.059798865355
220819,03:54:11.927,-13.023133432177
220819,04:54:13.087,-12.940676871424
220819,05:46:32.722,-13.373096994577
220819,05:46:58.723,-13.698420783006
220819,06:46:59.878,-13.679765565267
220819,07:47:01.037,-13.77313657845
220819,08:47:02.196,-13.689061408141
220819,08:53:32.211,-13.373096994577
220819,08:55:29.216,-13.059798865355
220819,09:55:30.369,-13.059798865355
220819,10:55:31.531,-12.97726191085
220819,11:55:32.685,-12.986443741741
220819,12:55:33.844,-12.949849778405
220819,13:55:35.003,-13.059798865355
220819,14:55:36.159,-12.968142310943
220819,15:55:37.310,-13.050599087224
220819,16:55:38.464,-13.087351567577
220819,17:55:39.630,-12.986443741741
220819,18:55:40.792,-13.096500173781
220819,19:55:41.950,-13.032266387083
220819,20:55:43.102,-13.114864316709
220819,21:55:44.258,-13.023133432177
220819,22:55:45.416,-13.041461671444
220819,23:17:18.969,-13.35460528924
220819,23:17:31.973,-13.689061408141
220820,00:17:33.134,-13.698420783006
220820,01:17:34.293,-13.717085477867
220820,01:22:20.304,-13.30838597369
220820,01:26:01.313,-12.99562781534
220820,01:49:12.377,-13.51217082306
220820,02:03:10.912,-13.819942080654
220820,03:03:12.068,-13.810613013612
220820,04:03:13.221,-13.707721346994
220820,05:03:14.380,-13.745130952282
220820,06:03:15.537,-13.698420783006
220820,07:03:16.691,-13.717085477867
220820,08:03:17.842,-13.73575966516
220820,09:03:19.001,-13.819942080654
220820,10:03:20.151,-13.782517423828
220820,11:03:21.310,-13.717085477867
220820,12:03:22.468,-13.670410938743
220820,12:04:20.970,-13.225299319442
220820,13:04:22.127,-13.004754084837
220820,14:04:23.281,-13.050599087224
220820,15:04:24.433,-12.968142310943
220820,16:04:25.585,-12.958964945522
220820,17:04:26.739,-13.041461671444
220820,18:04:27.894,-13.07814502807
220820,19:04:29.048,-13.096500173781
220820,20:04:30.198,-13.096500173781
220820,21:04:31.349,-13.004754084837
220820,22:04:32.505,-13.07814502807
220820,22:19:55.551,-13.456454300443
220820,22:22:12.056,-13.77313657845
220820,23:22:13.208,-13.689061408141
220821,00:22:14.362,-13.810613013612
220821,00:52:40.943,-13.391597914367
220821,00:54:11.947,-13.087351567577
220821,01:54:13.109,-13.059798865355
220821,02:54:14.261,-12.968142310943
220821,03:54:15.410,-13.032266387083
220821,04:54:16.573,-12.968142310943
220821,05:46:29.710,-13.447216872829
220821,05:47:47.712,-13.754443360228
220821,06:47:48.862,-13.717085477867
220821,07:47:50.018,-13.73575966516
220821,08:47:51.173,-13.763819422614
220821,09:27:23.772,-13.447216872829
220821,09:28:35.273,-13.105711224866
220821,10:28:36.435,-13.059798865355
220821,11:28:37.592,-13.013942634493
220821,12:28:38.745,-12.949849778405
220821,13:28:39.901,-12.968142310943
220821,14:28:41.060,-13.041461671444
220821,15:28:42.211,-13.07814502807
220821,16:28:43.368,-13.032266387083
220821,17:28:44.529,-13.023133432177
220821,18:28:45.682,-13.041461671444
220821,19:28:46.836,-13.087351567577
220821,19:48:29.887,-13.447216872829
220821,19:49:28.386,-13.754443360228
220821,20:49:29.547,-13.726451997435
220821,21:49:30.706,-13.810613013612
220821,22:49:31.862,-13.829334925311
220821,22:59:16.882,-13.484302072579
220821,23:00:08.887,-13.179300369369
220822,00:00:10.047,-12.968142310943
220822,01:00:11.203,-12.940676871424
220822,02:00:12.353,-13.041461671444
220822,03:00:13.513,-13.059798865355
220822,04:00:14.668,-13.059798865355
220822,05:00:15.822,-12.97726191085
220822,06:00:16.970,-13.032266387083
220822,07:00:18.132,-13.041461671444
220822,08:00:19.288,-13.004754084837
220822,09:00:20.446,-12.986443741741
220822,10:00:21.605,-13.068940749062
220822,11:00:22.757,-12.99562781534
220822,12:00:23.913,-13.032266387083
220822,13:00:25.069,-13.087351567577
220822,14:00:26.221,-13.096500173781
220822,14:11:03.246,-13.60517813513
220822,15:11:04.410,-13.754443360228
220822,16:11:05.563,-13.77313657845
220822,17:11:06.722,-13.838730181972
220822,17:23:34.252,-13.46575482847
220822,17:25:37.757,-13.77313657845
220822,17:26:23.259,-13.317649463179
220822,17:37:39.288,-13.661058691292
220822,18:37:40.441,-13.801224971353
220822,18:49:09.466,-13.419396963053
220822,18:55:39.487,-13.754443360228
220822,18:59:07.496,-13.447216872829
220822,19:35:57.590,-13.754443360228
220822,19:37:15.596,-13.437920998664
220822,19:40:37.102,-13.745130952282
220822,19:42:34.110,-13.382376631134
220822,19:55:53.644,-13.717085477867
220822,20:08:21.177,-13.373096994577
220822,20:11:10.179,-13.707721346994
220822,21:11:11.335,-13.857466492835
220822,22:11:12.488,-13.726451997435
220822,23:11:13.646,-13.782517423828
220823,00:11:14.800,-13.801224971353
220823,01:11:15.956,-13.73575966516
220823,01:41:16.535,-13.345332588222
220823,01:43:33.041,-13.041461671444
220823,02:43:34.191,-13.059798865355
220823,03:43:35.349,-13.059798865355
220823,04:43:36.500,-13.032266387083
220823,05:43:37.656,-12.99562781534
220823,06:43:38.819,-13.050599087224
220823,07:43:39.968,-13.023133432177
220823,08:43:41.126,-13.087351567577
220823,09:43:42.279,-13.068940749062
220823,10:43:43.433,-13.07814502807
220823,11:43:44.595,-13.096500173781
220823,12:43:45.747,-13.032266387083
220823,13:43:46.898,-13.07814502807
220823,13:58:56.943,-13.391597914367
220823,13:59:42.448,-13.698420783006
220823,14:59:43.597,-13.801224971353
220823,15:59:44.750,-13.819942080654
220823,16:59:45.900,-13.838730181972
220823,17:59:47.055,-13.726451997435
220823,18:59:48.215,-13.726451997435
220823,19:59:49.372,-13.726451997435
220823,20:59:50.527,-13.698420783006
220823,21:59:51.690,-13.819942080654
220823,22:59:52.843,-13.698420783006
220823,23:59:54.001,-13.77313657845
220824,00:59:55.153,-13.848066422074
220824,01:59:56.307,-13.754443360228
220824,02:59:57.460,-13.838730181972
220824,03:59:58.618,-13.857466492835
220824,04:59:59.776,-13.791900671459
220824,06:00:00.928,-13.754443360228
220824,07:00:02.084,-13.745130952282
220824,08:00:03.237,-13.77313657845
220824,09:00:04.388,-13.829334925311
220824,10:00:05.545,-13.77313657845
220824,11:00:06.698,-13.707721346994
220824,12:00:07.854,-13.810613013612
220824,13:00:09.010,-13.726451997435
220824,14:00:10.159,-13.77313657845
220824,15:00:11.321,-13.754443360228
220824,16:00:12.473,-13.763819422614
220824,17:00:13.631,-13.801224971353
220824,18:00:14.783,-13.745130952282
220824,18:51:29.417,-13.363819676763
220824,18:57:59.432,-13.707721346994
220824,19:04:35.948,-13.345332588222
220824,19:06:26.457,-13.707721346994
220824,19:13:02.974,-13.332245653796
220824,20:13:04.124,-13.225299319442
220824,21:13:05.279,-13.29912479003
220824,22:13:06.437,-13.23454216751
220824,23:13:07.594,-13.29912479003
220825,00:13:08.745,-13.252974290852
220825,01:13:09.904,-13.30838597369
220825,02:13:11.060,-13.345332588222
220825,03:13:12.215,-13.28066982587
220825,04:13:13.371,-13.28066982587
220825,05:13:14.529,-13.289926418435
220825,06:13:15.686,-13.32685469208
220825,07:13:16.835,-13.28066982587
220825,08:13:17.992,-13.289926418435
220825,09:10:23.640,-13.64242241295
220825,10:10:24.795,-13.745130952282
220825,11:10:25.950,-13.73575966516
220825,12:10:27.104,-13.73575966516
220825,13:10:28.257,-13.810613013612
220825,14:10:29.414,-13.782517423828
220825,15:10:30.567,-13.754443360228
220825,16:10:31.723,-13.763819422614
220825,17:10:32.881,-13.810613013612
220825,18:10:34.033,-13.726451997435
220825,18:57:02.654,-13.391597914367
220825,19:41:27.771,-13.698420783006
220825,20:07:08.335,-13.391597914367
220825,21:07:09.494,-13.243787306764
220825,22:07:10.654,-13.29912479003
220825,23:07:11.808,-13.332245653796
220826,00:07:12.959,-13.345332588222
220826,01:07:14.117,-13.32685469208
220826,02:07:15.275,-13.28066982587
220826,03:07:16.436,-13.29912479003
220826,04:07:17.592,-13.271415533628
220826,05:07:18.745,-13.289926418435
220826,06:07:19.900,-13.252974290852
220826,07:07:21.059,-13.26222400296
220826,08:07:22.213,-13.271415533628
220826,09:07:23.367,-13.35460528924
220826,09:12:15.881,-13.745130952282
220826,10:12:17.037,-13.810613013612
220826,11:12:18.189,-13.801224971353
220826,12:12:19.335,-13.876212412127
220826,13:12:20.487,-13.763819422614
220826,14:12:21.650,-13.791900671459
220826,15:12:22.809,-13.801224971353
220826,16:12:23.962,-13.698420783006
220826,17:12:25.120,-13.801224971353
220826,18:12:26.276,-13.670410938743
220826,19:12:27.434,-13.745130952282
220826,20:12:28.594,-13.801224971353
220826,21:12:29.749,-13.707721346994
220826,22:12:30.904,-13.689061408141
220826,23:12:32.065,-13.763819422614
220827,00:12:33.222,-13.73575966516
220827,01:12:34.386,-13.77313657845
220827,02:12:35.539,-13.801224971353
220827,03:12:36.692,-13.726451997435
220827,04:12:37.853,-13.717085477867
220827,05:12:39.011,-13.717085477867
220827,06:12:40.163,-13.801224971353
220827,07:12:41.319,-13.670410938743
220827,08:12:42.483,-13.707721346994
220827,09:12:43.643,-13.801224971353
220827,10:12:44.800,-13.707721346994
220827,11:12:45.951,-13.782517423828
220827,12:12:47.105,-13.745130952282
220827,13:12:48.262,-13.745130952282
220827,14:12:49.421,-13.670410938743
220827,15:12:50.579,-13.717085477867
220827,16:12:51.734,-13.717085477867
220827,17:12:52.890,-13.689061408141
220827,18:12:54.050,-13.661058691292
220827,19:12:55.201,-13.754443360228
220827,20:12:56.351,-13.73575966516
220827,21:12:57.505,-13.745130952282
220827,22:12:58.663,-13.73575966516
220827,23:12:59.823,-13.689061408141
220828,00:13:00.981,-13.801224971353
220828,01:13:02.139,-13.670410938743
220828,02:13:03.296,-13.717085477867
220828,03:13:04.456,-13.726451997435
220828,04:13:05.615,-13.717085477867
220828,05:13:06.771,-13.791900671459
220828,06:13:07.923,-13.689061408141
220828,07:13:09.077,-13.73575966516
220828,08:13:10.231,-13.763819422614
220828,09:13:11.383,-13.791900671459
220828,10:13:12.539,-13.717085477867
220828,11:13:13.699,-13.782517423828
220828,12:13:14.851,-13.698420783006
220828,13:13:16.009,-13.791900671459
220828,14:13:17.158,-13.782517423828
220828,15:13:18.313,-13.670410938743
220828,16:13:19.473,-13.810613013612
220828,17:13:20.623,-13.810613013612
220828,18:13:21.777,-13.754443360228
220828,19:13:22.930,-13.791900671459
220828,20:13:24.080,-13.679765565267
220828,21:13:25.239,-13.679765565267
220828,22:13:26.398,-13.707721346994
220828,23:13:27.553,-13.801224971353
220829,00:13:28.709,-13.707721346994
220829,01:13:29.870,-13.717085477867
220829,02:13:31.024,-13.77313657845
220829,03:13:32.183,-13.698420783006
220829,04:13:33.342,-13.726451997435
220829,05:13:34.497,-13.782517423828
220829,06:13:35.649,-13.791900671459
220829,07:13:36.801,-13.782517423828
220829,08:13:37.963,-13.689061408141
220829,09:13:39.117,-13.810613013612
220829,10:13:40.268,-13.717085477867
220829,11:13:41.427,-13.73575966516
220829,11:16:17.435,-13.763819422614
220829,11:16:23.935,-13.77313657845
220829,11:16:30.434,-13.754443360228
220829,11:16:36.935,-13.726451997435
220829,11:16:43.436,-13.707721346994
220829,11:16:49.935,-13.670410938743
220829,11:16:56.437,-13.651769923541
220829,11:17:02.933,-13.689061408141
220829,11:17:09.433,-13.717085477867
220829,11:17:15.936,-13.717085477867
220829,11:17:22.436,-13.754443360228
220829,11:17:28.937,-13.77313657845
220829,11:17:35.434,-13.77313657845
220829,11:17:41.938,-13.745130952282
220829,11:17:48.438,-13.717085477867
220829,11:17:54.937,-13.679765565267
220829,11:18:01.439,-13.670410938743
220829,11:18:07.935,-13.661058691292
220829,11:18:14.439,-13.670410938743
220829,11:18:20.939,-13.689061408141
220829,11:18:27.439,-13.717085477867
220829,11:18:33.936,-13.73575966516
220829,11:18:40.440,-13.745130952282
