220526,03:00:21.693,-13.51217082306
220526,04:00:22.845,-13.53074136886
220526,05:00:24.004,-13.521424485798
220526,06:00:25.157,-13.502858620047
220526,07:00:26.311,-13.53074136886
220526,08:00:27.468,-13.521424485798
220526,09:00:28.623,-13.558645180343
220526,10:00:29.774,-13.521424485798
220526,11:00:30.929,-13.53074136886
220526,12:00:32.085,-13.521424485798
220526,13:00:33.243,-13.586570105338
220526,14:00:34.394,-13.57723912154
220526,15:00:35.556,-13.540060602447
220526,16:00:36.710,-13.567910497731
220526,17:00:37.870,-13.502858620047
220526,18:00:39.021,-13.51217082306
220526,19:00:40.181,-13.586570105338
220526,20:00:41.337,-13.521424485798
220526,21:00:42.496,-13.521424485798
220526,22:00:43.657,-13.540060602447
220526,23:00:44.809,-13.57723912154
220527,00:00:45.965,-13.540060602447
220527,01:00:47.111,-13.567910497731
220527,02:00:48.262,-13.57723912154
220527,03:00:49.421,-13.549321255414
220527,04:00:50.571,-13.53074136886
220527,05:00:51.726,-13.51217082306
220527,06:00:52.881,-13.549321255414
220527,07:00:54.035,-13.540060602447
220527,08:00:55.186,-13.521424485798
220527,09:00:56.344,-13.595842441097
220527,09:55:25.981,-13.271415533628
220527,10:19:03.042,-13.57723912154
220527,10:34:06.580,-13.188471489806
220527,11:25:08.208,-13.51217082306
220527,11:58:43.293,-13.160844280023
220527,12:58:44.456,-13.041461671444
220527,13:58:45.610,-13.068940749062
220527,14:09:55.138,-13.400882178802
220527,15:09:56.298,-13.558645180343
220527,16:09:57.455,-13.558645180343
220527,17:09:58.617,-13.51217082306
220527,18:09:59.771,-13.53074136886
220527,19:10:00.922,-13.521424485798
220527,20:10:02.075,-13.558645180343
220527,21:10:03.233,-13.502858620047
220527,22:10:04.385,-13.586570105338
220527,23:10:05.542,-13.53074136886
220528,00:10:06.702,-13.595842441097
220528,01:10:07.859,-13.57723912154
220528,02:10:09.017,-13.53074136886
220528,03:10:10.172,-13.549321255414
220528,04:10:11.325,-13.567910497731
220528,05:10:12.484,-13.558645180343
220528,06:10:13.639,-13.51217082306
220528,07:10:14.797,-13.57723912154
220528,08:10:15.954,-13.57723912154
220528,08:28:08.501,-13.151679935567
220528,09:28:09.663,-13.068940749062
220528,10:28:10.818,-13.068940749062
220528,11:28:11.972,-13.07814502807
220528,12:28:13.127,-13.07814502807
220528,13:28:14.285,-13.105711224866
220528,14:28:15.442,-13.07814502807
220528,14:31:43.450,-13.428688190797
220528,15:31:44.605,-13.586570105338
220528,16:31:45.762,-13.53074136886
220528,17:31:46.917,-13.521424485798
220528,18:31:48.070,-13.53074136886
220528,19:31:49.221,-13.540060602447
220528,20:31:50.375,-13.493609603042
220528,21:31:51.531,-13.53074136886
220528,22:31:52.683,-13.540060602447
220528,23:31:53.842,-13.558645180343
220529,00:31:54.997,-13.558645180343
220529,01:31:56.150,-13.549321255414
220529,02:31:57.310,-13.51217082306
220529,03:31:58.466,-13.521424485798
220529,04:31:59.621,-13.586570105338
220529,05:32:00.776,-13.549321255414
220529,06:32:01.934,-13.558645180343
220529,07:32:03.089,-13.540060602447
220529,08:14:24.701,-13.206880862999
220529,09:14:25.861,-13.07814502807
220529,10:14:27.018,-13.068940749062
220529,11:14:28.177,-13.096500173781
220529,12:14:29.332,-13.068940749062
220529,13:14:30.489,-13.050599087224
220529,14:14:31.649,-13.105711224866
220529,14:36:18.203,-13.46575482847
220529,15:36:19.356,-13.53074136886
220529,16:36:20.509,-13.540060602447
220529,17:36:21.666,-13.540060602447
220529,18:36:22.821,-13.558645180343
220529,19:36:23.975,-13.586570105338
220529,20:36:25.130,-13.53074136886
220529,21:36:26.284,-13.558645180343
220529,22:36:27.435,-13.57723912154
220529,23:36:28.590,-13.586570105338
220530,00:36:29.747,-13.521424485798
220530,01:36:30.904,-13.57723912154
220530,02:36:32.057,-13.57723912154
220530,03:36:33.214,-13.53074136886
220530,04:36:34.371,-13.540060602447
220530,05:36:35.528,-13.57723912154
220530,06:36:36.687,-13.567910497731
220530,07:36:37.839,-13.53074136886
220530,08:36:38.994,-13.567910497731
220530,09:36:40.151,-13.567910497731
220530,10:36:41.305,-13.53074136886
220530,11:36:42.457,-13.53074136886
220530,12:36:43.612,-13.549321255414
220530,13:36:44.764,-13.57723912154
220530,14:36:45.923,-13.540060602447
220530,15:36:47.074,-13.53074136886
220530,16:36:48.223,-13.53074136886
220530,17:36:49.377,-13.53074136886
220530,18:36:50.530,-13.586570105338
220530,19:36:51.687,-13.521424485798
220530,20:36:52.842,-13.51217082306
220530,21:36:53.996,-13.521424485798
220530,22:36:55.151,-13.540060602447
220530,23:36:56.306,-13.540060602447
220531,00:36:57.462,-13.540060602447
220531,01:36:58.615,-13.586570105338
220531,02:36:59.769,-13.558645180343
220531,03:37:00.932,-13.540060602447
220531,04:37:02.087,-13.567910497731
220531,05:37:03.245,-13.540060602447
220531,06:37:04.400,-13.540060602447
220531,07:37:05.557,-13.595842441097
220531,08:37:06.713,-13.558645180343
220531,09:37:07.867,-13.558645180343
220531,10:37:09.022,-13.567910497731
220531,11:37:10.177,-13.53074136886
220531,12:37:11.334,-13.558645180343
220531,13:37:12.488,-13.549321255414
220531,14:37:13.644,-13.57723912154
220531,15:37:14.798,-13.549321255414
220531,16:37:15.949,-13.549321255414
220531,17:37:17.110,-13.540060602447
220531,18:37:18.261,-13.567910497731
220531,19:37:19.413,-13.540060602447
220531,20:37:20.567,-13.51217082306
220531,21:37:21.724,-13.540060602447
220531,22:37:22.878,-13.540060602447
220531,23:37:24.028,-13.521424485798
220601,00:37:25.188,-13.540060602447
220601,01:37:26.343,-13.558645180343
220601,02:37:27.497,-13.558645180343
220601,03:37:28.653,-13.549321255414
220601,04:37:29.811,-13.53074136886
220601,05:37:30.965,-13.57723912154
220601,06:37:32.110,-13.60517813513
220601,07:37:33.263,-13.549321255414
220601,08:37:34.421,-13.558645180343
220601,09:37:35.571,-13.540060602447
220601,10:00:20.632,-13.206880862999
220601,10:37:43.231,-13.521424485798
220601,10:44:58.750,-13.151679935567
220601,10:50:36.766,-13.502858620047
220601,10:51:54.770,-13.188471489806
220601,10:56:14.782,-13.502858620047
220601,11:00:21.795,-13.197705221209
220601,11:05:27.307,-13.521424485798
220601,11:18:07.840,-13.206880862999
220601,11:23:26.350,-13.540060602447
220601,11:28:38.371,-13.197705221209
220601,12:04:16.964,-13.502858620047
220601,13:04:18.117,-13.521424485798
220601,14:04:19.270,-13.586570105338
220601,15:04:20.425,-13.558645180343
220601,16:04:21.582,-13.540060602447
220601,17:04:22.737,-13.586570105338
220601,18:04:23.895,-13.549321255414
220601,19:04:25.052,-13.53074136886
220601,20:04:26.203,-13.57723912154
220601,21:04:27.364,-13.540060602447
220601,22:04:28.521,-13.567910497731
220601,23:04:29.678,-13.540060602447
220602,00:04:30.838,-13.53074136886
220602,01:04:31.999,-13.540060602447
220602,02:04:33.156,-13.521424485798
220602,03:04:34.314,-13.521424485798
220602,04:04:35.468,-13.521424485798
220602,05:04:36.622,-13.558645180343
220602,06:04:37.775,-13.549321255414
220602,07:04:38.934,-13.549321255414
220602,08:04:40.093,-13.53074136886
220602,09:04:41.246,-13.549321255414
220602,10:04:42.400,-13.53074136886
220602,11:04:43.559,-13.540060602447
220602,12:04:44.716,-13.540060602447
220602,13:04:45.872,-13.595842441097
220602,14:04:47.031,-13.595842441097
220602,15:04:48.185,-13.53074136886
220602,16:04:49.339,-13.57723912154
220602,17:04:50.491,-13.540060602447
220602,18:04:51.649,-13.549321255414
220602,19:04:52.805,-13.586570105338
220602,20:04:53.962,-13.60517813513
220602,21:04:55.116,-13.558645180343
220602,22:04:56.276,-13.586570105338
220602,23:04:57.431,-13.549321255414
220603,00:04:58.580,-13.53074136886
220603,01:04:59.733,-13.53074136886
220603,02:05:00.889,-13.540060602447
220603,03:05:02.040,-13.60517813513
220603,04:05:03.190,-13.558645180343
220603,05:05:04.353,-13.53074136886
220603,06:05:05.509,-13.540060602447
220603,07:05:06.662,-13.558645180343
220603,08:05:07.820,-13.51217082306
220603,09:00:03.462,-13.151679935567
220603,10:00:04.616,-13.07814502807
220603,11:00:05.771,-13.114864316709
220603,12:00:06.929,-13.07814502807
220603,13:00:08.080,-13.124079886519
220603,14:00:09.237,-13.068940749062
220603,15:00:10.393,-13.041461671444
220603,15:38:18.492,-13.493609603042
220603,16:35:04.639,-13.188471489806
220603,16:39:11.651,-13.502858620047
220603,17:39:12.807,-13.549321255414
220603,18:39:13.967,-13.540060602447
220603,19:39:15.123,-13.540060602447
220603,20:39:16.279,-13.60517813513
220603,21:39:17.438,-13.558645180343
220603,22:39:18.592,-13.521424485798
220603,23:39:19.745,-13.595842441097
220604,00:39:20.902,-13.567910497731
220604,01:39:22.061,-13.57723912154
220604,02:39:23.217,-13.521424485798
220604,03:39:24.373,-13.549321255414
220604,04:39:25.527,-13.558645180343
220604,05:39:26.680,-13.53074136886
220604,06:39:27.832,-13.57723912154
220604,07:39:28.988,-13.586570105338
220604,08:39:30.142,-13.540060602447
220604,09:39:31.304,-13.595842441097
220604,10:39:32.458,-13.558645180343
220604,11:39:33.610,-13.60517813513
220604,12:39:34.766,-13.521424485798
220604,13:39:35.922,-13.558645180343
220604,14:39:37.074,-13.549321255414
220604,15:39:38.226,-13.586570105338
220604,16:39:39.383,-13.53074136886
220604,17:39:40.536,-13.549321255414
220604,18:39:41.689,-13.53074136886
220604,19:39:42.844,-13.57723912154
220604,20:39:43.997,-13.540060602447
220604,21:39:45.143,-13.53074136886
220604,22:39:46.300,-13.540060602447
220604,23:39:47.458,-13.53074136886
220605,00:39:48.607,-13.540060602447
220605,01:39:49.766,-13.540060602447
220605,02:39:50.920,-13.567910497731
220605,03:39:52.074,-13.558645180343
220605,04:39:53.234,-13.567910497731
220605,05:39:54.387,-13.549321255414
220605,06:37:58.541,-13.170071185455
220605,07:37:59.699,-13.087351567577
220605,08:15:41.794,-13.428688190797
220605,09:15:42.947,-13.567910497731
220605,10:15:44.099,-13.567910497731
220605,11:15:45.250,-13.57723912154
220605,12:00:29.872,-13.160844280023
220605,13:00:31.030,-13.050599087224
220605,14:00:32.181,-13.096500173781
220605,14:56:45.823,-13.447216872829
220605,15:56:46.977,-13.53074136886
220605,16:42:43.094,-13.160844280023
220605,17:42:44.254,-13.050599087224
220605,18:41:59.907,-13.41010806334
220605,19:42:01.060,-13.53074136886
220605,20:42:02.212,-13.567910497731
220605,21:42:03.366,-13.53074136886
220605,22:42:04.517,-13.567910497731
220605,23:42:05.673,-13.53074136886
220606,00:42:06.829,-13.57723912154
220606,01:42:07.986,-13.549321255414
220606,02:42:09.135,-13.558645180343
220606,03:42:10.290,-13.540060602447
220606,04:42:11.447,-13.57723912154
220606,05:42:12.601,-13.540060602447
220606,06:42:13.763,-13.549321255414
220606,07:42:14.916,-13.549321255414
220606,08:42:16.077,-13.540060602447
220606,09:42:17.229,-13.595842441097
220606,10:42:18.386,-13.558645180343
220606,11:42:19.534,-13.595842441097
220606,12:42:20.682,-13.53074136886
220606,13:42:21.833,-13.549321255414
220606,14:42:22.984,-13.540060602447
220606,15:42:24.131,-13.521424485798
220606,16:42:25.289,-13.540060602447
220606,17:42:26.446,-13.540060602447
220606,18:42:27.597,-13.521424485798
220606,19:42:28.756,-13.57723912154
220606,20:42:29.913,-13.586570105338
220606,21:42:31.064,-13.558645180343
220606,22:42:32.218,-13.57723912154
220606,23:42:33.375,-13.558645180343
220607,00:42:34.531,-13.567910497731
220607,01:42:35.688,-13.540060602447
220607,02:42:36.841,-13.558645180343
220607,03:42:37.999,-13.586570105338
220607,04:42:39.155,-13.521424485798
220607,05:42:40.310,-13.60517813513
220607,06:42:41.466,-13.567910497731
220607,07:42:42.617,-13.558645180343
220607,08:42:43.770,-13.558645180343
220607,09:42:44.925,-13.549321255414
220607,10:42:46.080,-13.549321255414
220607,11:42:47.234,-13.558645180343
220607,12:13:20.311,-13.252974290852
220607,12:13:39.812,-13.567910497731
220607,12:17:40.324,-13.26222400296
220607,12:18:19.326,-13.57723912154
220607,12:21:01.832,-13.252974290852
220607,12:22:45.837,-13.567910497731
220607,12:30:20.856,-13.26222400296
220607,12:37:23.374,-13.567910497731
220607,13:37:24.531,-13.549321255414
220607,14:37:25.685,-13.484302072579
220607,15:37:26.840,-13.558645180343
220607,16:37:28.005,-13.567910497731
220607,17:37:29.163,-13.549321255414
220607,18:37:30.314,-13.540060602447
220607,19:37:31.475,-13.502858620047
220607,20:37:32.632,-13.57723912154
220607,21:37:33.790,-13.558645180343
220607,22:37:34.949,-13.540060602447
220607,23:37:36.108,-13.521424485798
220608,00:37:37.264,-13.567910497731
220608,01:37:38.422,-13.549321255414
220608,02:37:39.577,-13.51217082306
220608,03:37:40.731,-13.53074136886
220608,04:37:41.887,-13.540060602447
220608,05:37:43.032,-13.549321255414
220608,06:37:44.179,-13.567910497731
220608,07:37:45.332,-13.558645180343
220608,08:37:46.487,-13.586570105338
220608,09:37:47.636,-13.540060602447
220608,10:37:48.787,-13.53074136886
220608,11:37:49.944,-13.567910497731
220608,12:37:51.097,-13.51217082306
220608,13:37:52.249,-13.57723912154
220608,14:37:53.409,-13.57723912154
220608,15:37:54.562,-13.521424485798
220608,16:37:55.714,-13.53074136886
220608,17:37:56.870,-13.567910497731
220608,18:37:58.035,-13.586570105338
220608,19:37:59.187,-13.567910497731
220608,20:38:00.339,-13.540060602447
220608,21:38:01.493,-13.540060602447
220608,22:38:02.644,-13.540060602447
220608,23:38:03.795,-13.567910497731
220609,00:38:04.946,-13.57723912154
220609,01:38:06.100,-13.586570105338
220609,02:38:07.253,-13.57723912154
220609,03:38:08.409,-13.586570105338
220609,04:38:09.567,-13.586570105338
220609,05:38:10.724,-13.558645180343
220609,06:38:11.876,-13.586570105338
220609,07:38:13.030,-13.53074136886
220609,08:38:14.183,-13.60517813513
220609,09:38:15.341,-13.558645180343
220609,10:38:16.495,-13.549321255414
220609,11:38:17.646,-13.558645180343
220609,12:38:18.802,-13.540060602447
220609,13:38:19.957,-13.595842441097
220609,14:38:21.111,-13.586570105338
220609,15:38:22.262,-13.53074136886
220609,16:38:23.419,-13.586570105338
220609,17:38:24.572,-13.57723912154
220609,18:38:25.729,-13.595842441097
220609,19:38:26.886,-13.586570105338
220609,20:38:28.039,-13.549321255414
220609,21:38:29.193,-13.53074136886
220609,22:38:30.344,-13.567910497731
220609,23:38:31.497,-13.549321255414
220610,00:38:32.640,-13.57723912154
220610,01:38:33.793,-13.567910497731
220610,02:38:34.951,-13.57723912154
220610,03:38:36.104,-13.57723912154
220610,04:38:37.258,-13.502858620047
220610,05:38:38.416,-13.540060602447
220610,06:38:39.573,-13.567910497731
220610,07:38:40.726,-13.540060602447
220610,08:38:41.887,-13.53074136886
220610,09:38:43.037,-13.540060602447
220610,10:38:44.194,-13.586570105338
220610,11:38:45.354,-13.540060602447
220610,12:38:46.511,-13.586570105338
220610,13:38:47.663,-13.60517813513
220610,14:38:48.819,-13.558645180343
220610,15:38:49.974,-13.567910497731
220610,16:38:51.125,-13.540060602447
220610,17:38:52.280,-13.567910497731
220610,18:38:53.435,-13.60517813513
220610,19:38:54.591,-13.595842441097
220610,20:38:55.744,-13.51217082306
220610,21:38:56.898,-13.567910497731
220610,22:38:58.057,-13.558645180343
220610,23:38:59.214,-13.595842441097
220611,00:39:00.371,-13.586570105338
220611,01:39:01.526,-13.595842441097
220611,02:39:02.683,-13.540060602447
220611,03:39:03.839,-13.57723912154
220611,04:39:05.002,-13.567910497731
220611,05:39:06.155,-13.57723912154
220611,06:39:07.312,-13.57723912154
220611,07:39:08.468,-13.57723912154
220611,08:39:09.621,-13.549321255414
220611,09:39:10.774,-13.595842441097
220611,10:39:11.936,-13.53074136886
220611,11:39:13.088,-13.558645180343
220611,12:39:14.244,-13.595842441097
220611,13:39:15.402,-13.567910497731
220611,14:39:16.555,-13.567910497731
220611,15:39:17.707,-13.558645180343
220611,16:39:18.870,-13.57723912154
220611,17:39:20.026,-13.558645180343
220611,18:39:21.174,-13.567910497731
220611,19:39:22.336,-13.586570105338
220611,20:39:23.491,-13.53074136886
220611,21:39:24.645,-13.53074136886
220611,22:39:25.799,-13.549321255414
220611,23:39:26.954,-13.57723912154
220612,00:39:28.107,-13.567910497731
220612,01:39:29.264,-13.549321255414
220612,02:39:30.422,-13.595842441097
220612,03:39:31.580,-13.53074136886
220612,04:39:32.738,-13.60517813513
220612,05:39:33.894,-13.586570105338
220612,06:39:35.049,-13.540060602447
220612,07:39:36.201,-13.558645180343
220612,08:39:37.361,-13.51217082306
220612,09:39:38.519,-13.540060602447
220612,10:39:39.675,-13.51217082306
220612,11:39:40.829,-13.558645180343
220612,12:39:41.987,-13.567910497731
220612,13:39:43.144,-13.595842441097
220612,14:39:44.300,-13.558645180343
220612,15:39:45.455,-13.558645180343
220612,16:39:46.611,-13.586570105338
220612,17:39:47.772,-13.614455154103
220612,18:39:48.926,-13.51217082306
220612,19:39:50.080,-13.595842441097
220612,20:39:51.237,-13.57723912154
220612,21:39:52.391,-13.521424485798
220612,22:39:53.547,-13.567910497731
220612,23:39:54.709,-13.567910497731
220613,00:39:55.864,-13.567910497731
220613,01:39:57.021,-13.549321255414
220613,02:39:58.178,-13.549321255414
220613,03:39:59.336,-13.595842441097
220613,04:40:00.490,-13.57723912154
220613,05:40:01.649,-13.60517813513
220613,06:40:02.801,-13.540060602447
220613,07:40:03.956,-13.57723912154
220613,08:40:05.106,-13.558645180343
220613,09:40:06.262,-13.549321255414
220613,09:53:58.302,-13.243787306764
220613,10:53:59.456,-13.096500173781
220613,11:54:00.609,-13.133297725796
220613,12:39:30.722,-13.447216872829
220613,12:49:28.748,-13.142457566805
220613,13:36:42.870,-13.46575482847
220613,13:53:49.913,-13.142457566805
220613,13:55:20.918,-13.493609603042
220613,14:02:29.935,-13.188471489806
220613,14:41:36.538,-13.502858620047
220613,15:41:37.689,-13.53074136886
220613,16:41:38.849,-13.595842441097
220613,17:41:40.002,-13.57723912154
220613,18:41:41.160,-13.53074136886
220613,19:41:42.319,-13.540060602447
220613,20:41:43.476,-13.549321255414
220613,21:41:44.626,-13.549321255414
220613,22:41:45.787,-13.549321255414
220613,23:41:46.941,-13.558645180343
220614,00:41:48.101,-13.549321255414
220614,01:41:49.257,-13.586570105338
220614,02:41:50.409,-13.558645180343
220614,03:41:51.568,-13.540060602447
220614,04:41:52.721,-13.53074136886
220614,05:41:53.877,-13.540060602447
220614,06:41:55.030,-13.558645180343
220614,07:41:56.184,-13.567910497731
220614,08:41:57.337,-13.57723912154
220614,09:41:58.491,-13.586570105338
220614,10:41:59.646,-13.549321255414
220614,11:42:00.799,-13.567910497731
220614,12:42:01.956,-13.558645180343
220614,13:42:03.114,-13.586570105338
220614,14:42:04.270,-13.549321255414
220614,15:42:05.426,-13.549321255414
220614,16:42:06.584,-13.595842441097
220614,17:42:07.739,-13.558645180343
220614,18:42:08.895,-13.558645180343
220614,19:42:10.054,-13.53074136886
220614,20:42:11.211,-13.558645180343
220614,21:42:12.372,-13.53074136886
220614,22:42:13.529,-13.558645180343
220614,23:42:14.683,-13.540060602447
220615,00:42:15.836,-13.595842441097
220615,01:42:16.992,-13.586570105338
220615,02:42:18.146,-13.57723912154
220615,03:42:19.303,-13.540060602447
220615,04:42:20.458,-13.60517813513
220615,05:42:21.605,-13.549321255414
220615,06:42:22.759,-13.595842441097
220615,07:42:23.912,-13.586570105338
220615,08:42:25.062,-13.51217082306
220615,09:42:26.217,-13.549321255414
220615,10:42:27.377,-13.540060602447
220615,11:42:28.532,-13.614455154103
220615,12:42:29.686,-13.57723912154
220615,13:42:30.844,-13.53074136886
220615,14:42:32.002,-13.540060602447
220615,15:42:33.156,-13.53074136886
220615,16:42:34.316,-13.614455154103
220615,17:42:35.473,-13.567910497731
220615,18:42:36.630,-13.57723912154
220615,19:42:37.786,-13.540060602447
220615,20:42:38.944,-13.558645180343
220615,21:42:40.096,-13.586570105338
220615,22:42:41.249,-13.521424485798
220615,23:42:42.408,-13.540060602447
220616,00:42:43.561,-13.558645180343
220616,01:42:44.715,-13.567910497731
220616,02:42:45.868,-13.53074136886
220616,03:42:47.026,-13.502858620047
220616,04:42:48.182,-13.567910497731
220616,05:42:49.336,-13.567910497731
220616,06:42:50.491,-13.567910497731
220616,07:42:51.644,-13.540060602447
220616,08:42:52.805,-13.567910497731
220616,09:42:53.959,-13.567910497731
220616,10:42:55.114,-13.558645180343
220616,11:42:56.276,-13.57723912154
220616,12:42:57.435,-13.558645180343
220616,13:42:58.592,-13.586570105338
220616,14:42:59.747,-13.549321255414
220616,15:43:00.897,-13.558645180343
220616,16:43:02.053,-13.51217082306
220616,17:40:46.704,-13.206880862999
220616,17:46:11.718,-13.540060602447
220616,18:23:21.314,-13.216119149114
220616,18:39:36.358,-13.53074136886
220616,19:39:37.511,-13.549321255414
220616,20:39:38.668,-13.57723912154
220616,21:39:39.828,-13.540060602447
220616,22:39:40.987,-13.567910497731
220616,23:39:42.146,-13.586570105338
220617,00:39:43.301,-13.57723912154
220617,01:39:44.461,-13.540060602447
220617,02:39:45.614,-13.586570105338
220617,03:39:46.767,-13.521424485798
220617,04:39:47.929,-13.586570105338
220617,05:39:49.090,-13.540060602447
220617,06:39:50.239,-13.540060602447
220617,07:39:51.394,-13.57723912154
220617,08:39:52.546,-13.549321255414
220617,09:39:53.702,-13.540060602447
220617,10:39:54.862,-13.595842441097
220617,11:39:56.014,-13.623795565954
220617,12:39:57.174,-13.614455154103
220617,13:39:58.332,-13.651769923541
220617,14:39:59.488,-13.651769923541
220617,15:40:00.644,-13.567910497731
220617,16:40:01.800,-13.540060602447
220617,17:40:02.958,-13.558645180343
220617,18:40:04.119,-13.549321255414
220617,19:40:05.274,-13.549321255414
220617,20:40:06.428,-13.558645180343
220617,21:40:07.578,-13.567910497731
220617,22:40:08.735,-13.558645180343
220617,23:40:09.896,-13.53074136886
220618,00:40:11.052,-13.540060602447
220618,01:40:12.212,-13.540060602447
220618,02:40:13.371,-13.53074136886
220618,03:40:14.529,-13.53074136886
220618,04:40:15.684,-13.549321255414
220618,05:40:16.840,-13.53074136886
220618,06:40:17.995,-13.60517813513
220618,07:40:19.149,-13.549321255414
220618,08:40:20.306,-13.60517813513
220618,09:40:21.460,-13.567910497731
220618,10:40:22.610,-13.558645180343
220618,11:40:23.766,-13.549321255414
220618,12:40:24.927,-13.595842441097
220618,13:40:26.080,-13.549321255414
220618,14:40:27.237,-13.540060602447
220618,15:40:28.390,-13.586570105338
220618,16:40:29.547,-13.57723912154
220618,17:40:30.697,-13.53074136886
220618,18:40:31.854,-13.549321255414
220618,19:40:33.004,-13.549321255414
220618,20:40:34.150,-13.521424485798
220618,21:40:35.305,-13.540060602447
220618,22:40:36.464,-13.60517813513
220618,23:40:37.618,-13.521424485798
220619,00:40:38.777,-13.586570105338
220619,01:40:39.934,-13.57723912154
220619,02:40:41.092,-13.540060602447
220619,03:40:42.248,-13.558645180343
220619,04:40:43.399,-13.549321255414
220619,05:40:44.554,-13.595842441097
220619,06:40:45.705,-13.53074136886
220619,07:40:46.857,-13.540060602447
220619,08:40:48.008,-13.595842441097
220619,09:40:49.164,-13.53074136886
220619,10:40:50.316,-13.53074136886
220619,11:40:51.471,-13.53074136886
220619,12:40:52.621,-13.558645180343
220619,13:40:53.775,-13.549321255414
220619,14:40:54.932,-13.549321255414
220619,15:40:56.087,-13.567910497731
220619,16:40:57.244,-13.586570105338
220619,17:40:58.403,-13.549321255414
220619,18:40:59.556,-13.521424485798
220619,19:41:00.714,-13.595842441097
220619,20:41:01.870,-13.549321255414
220619,21:41:03.025,-13.60517813513
220619,22:41:04.177,-13.549321255414
220619,23:41:05.333,-13.614455154103
220620,00:41:06.485,-13.57723912154
220620,01:41:07.642,-13.60517813513
220620,02:41:08.797,-13.60517813513
220620,03:41:09.952,-13.586570105338
220620,04:41:11.108,-13.540060602447
220620,05:41:12.264,-13.558645180343
220620,06:41:13.421,-13.558645180343
220620,07:41:14.578,-13.540060602447
220620,08:41:15.734,-13.549321255414
220620,09:41:16.890,-13.549321255414
220620,09:56:20.429,-13.23454216751
220620,10:56:21.582,-13.124079886519
220620,11:56:22.731,-13.059798865355
220620,12:56:23.886,-13.133297725796
220620,13:35:10.983,-13.484302072579
220620,14:35:12.134,-13.540060602447
220620,15:06:04.713,-13.225299319442
220620,15:11:23.228,-13.540060602447
220620,15:26:20.267,-13.23454216751
220620,15:31:58.283,-13.549321255414
220620,16:31:59.441,-13.57723912154
220620,17:32:00.595,-13.502858620047
220620,17:56:23.159,-13.197705221209
220620,18:15:07.707,-13.51217082306
220620,19:15:08.865,-13.51217082306
220620,20:15:10.024,-13.540060602447
220620,21:15:11.177,-13.57723912154
220620,22:15:12.332,-13.549321255414
220620,23:15:13.487,-13.558645180343
220621,00:15:14.647,-13.60517813513
220621,01:15:15.806,-13.60517813513
220621,02:15:16.960,-13.549321255414
220621,03:15:18.113,-13.57723912154
220621,04:15:19.268,-13.549321255414
220621,05:15:20.425,-13.57723912154
220621,06:15:21.577,-13.567910497731
220621,07:15:22.732,-13.549321255414
220621,08:15:23.885,-13.51217082306
220621,09:15:25.042,-13.53074136886
220621,10:15:26.196,-13.53074136886
220621,11:15:27.357,-13.549321255414
220621,12:15:28.510,-13.57723912154
220621,13:15:29.668,-13.549321255414
220621,14:15:30.827,-13.53074136886
220621,15:15:31.984,-13.586570105338
220621,16:15:33.137,-13.53074136886
220621,17:15:34.295,-13.53074136886
220621,18:15:35.451,-13.595842441097
220621,19:15:36.607,-13.567910497731
220621,20:15:37.766,-13.586570105338
220621,21:15:38.917,-13.558645180343
220621,22:15:40.071,-13.549321255414
220621,23:15:41.226,-13.53074136886
220622,00:15:42.386,-13.540060602447
220622,01:15:43.538,-13.540060602447
220622,02:15:44.694,-13.586570105338
220622,03:15:45.849,-13.540060602447
220622,04:15:47.007,-13.558645180343
220622,05:15:48.153,-13.595842441097
220622,06:15:49.309,-13.53074136886
220622,07:15:50.462,-13.53074136886
220622,08:15:51.614,-13.595842441097
220622,09:15:52.768,-13.53074136886
220622,10:15:53.926,-13.60517813513
220622,11:15:55.083,-13.549321255414
220622,12:15:56.238,-13.540060602447
220622,13:15:57.395,-13.540060602447
220622,14:15:58.554,-13.567910497731
220622,15:15:59.708,-13.558645180343
220622,16:16:00.862,-13.558645180343
220622,17:16:02.016,-13.57723912154
220622,18:16:03.173,-13.60517813513
220622,19:16:04.330,-13.558645180343
220622,20:16:05.495,-13.549321255414
220622,21:16:06.647,-13.558645180343
220622,22:16:07.800,-13.595842441097
220622,23:16:08.952,-13.53074136886
220623,00:16:10.109,-13.57723912154
220623,01:16:11.266,-13.558645180343
220623,02:16:12.421,-13.60517813513
220623,03:16:13.578,-13.558645180343
220623,04:16:14.732,-13.549321255414
220623,05:16:15.893,-13.549321255414
220623,06:16:17.048,-13.633138347309
220623,07:16:18.206,-13.53074136886
220623,08:16:19.358,-13.614455154103
220623,09:16:20.512,-13.567910497731
220623,10:16:21.662,-13.60517813513
220623,11:16:22.815,-13.549321255414
220623,12:16:23.971,-13.57723912154
220623,13:16:25.127,-13.586570105338
220623,14:16:26.277,-13.595842441097
220623,15:16:27.435,-13.521424485798
220623,16:16:28.593,-13.595842441097
220623,17:16:29.749,-13.540060602447
220623,18:16:30.905,-13.586570105338
220623,19:16:32.059,-13.53074136886
220623,20:16:33.208,-13.633138347309
220623,21:16:34.364,-13.586570105338
220623,22:16:35.514,-13.53074136886
220623,23:16:36.660,-13.595842441097
220624,00:16:37.819,-13.60517813513
220624,01:16:38.974,-13.521424485798
220624,02:16:40.120,-13.567910497731
220624,03:16:41.275,-13.586570105338
220624,04:16:42.434,-13.540060602447
220624,05:16:43.584,-13.60517813513
220624,06:16:44.745,-13.586570105338
220624,07:16:45.900,-13.614455154103
220624,08:16:47.059,-13.60517813513
220624,09:16:48.213,-13.567910497731
220624,10:16:49.373,-13.540060602447
220624,11:16:50.530,-13.623795565954
220624,12:16:51.684,-13.558645180343
220624,13:16:52.841,-13.502858620047
220624,14:16:53.997,-13.586570105338
220624,15:16:55.149,-13.549321255414
220624,16:16:56.304,-13.567910497731
220624,17:16:57.460,-13.60517813513
220624,18:16:58.616,-13.549321255414
220624,19:16:59.772,-13.540060602447
220624,20:17:00.930,-13.567910497731
220624,21:17:02.081,-13.595842441097
220624,22:17:03.240,-13.57723912154
220624,23:17:04.394,-13.540060602447
220625,00:17:05.554,-13.595842441097
220625,01:17:06.709,-13.595842441097
220625,02:17:07.871,-13.549321255414
220625,03:17:09.022,-13.567910497731
220625,04:17:10.178,-13.549321255414
220625,05:17:11.336,-13.595842441097
220625,06:17:12.499,-13.60517813513
220625,07:17:13.652,-13.549321255414
220625,08:17:14.808,-13.540060602447
220625,09:17:15.966,-13.586570105338
220625,10:17:17.122,-13.549321255414
220625,11:17:18.286,-13.586570105338
220625,12:17:19.434,-13.60517813513
220625,13:17:20.590,-13.567910497731
220625,14:17:21.745,-13.586570105338
220625,15:17:22.903,-13.521424485798
220625,16:17:24.056,-13.57723912154
220625,17:17:25.212,-13.540060602447
220625,18:17:26.366,-13.558645180343
220625,19:17:27.522,-13.595842441097
220625,20:17:28.675,-13.540060602447
220625,21:17:29.829,-13.558645180343
220625,22:17:30.984,-13.540060602447
220625,23:17:32.141,-13.540060602447
220626,00:17:33.298,-13.502858620047
220626,01:17:34.453,-13.57723912154
220626,02:17:35.612,-13.586570105338
220626,03:17:36.769,-13.540060602447
220626,04:17:37.925,-13.558645180343
220626,05:17:39.077,-13.595842441097
220626,06:17:40.231,-13.549321255414
220626,07:17:41.387,-13.586570105338
220626,08:17:42.540,-13.558645180343
220626,09:17:43.692,-13.549321255414
220626,10:17:44.848,-13.540060602447
220626,11:17:46.000,-13.521424485798
220626,12:17:47.151,-13.57723912154
220626,13:17:48.309,-13.558645180343
220626,14:17:49.464,-13.558645180343
220626,15:17:50.617,-13.623795565954
220626,16:17:51.773,-13.53074136886
220626,17:17:52.930,-13.57723912154
220626,18:17:54.085,-13.549321255414
220626,19:17:55.237,-13.57723912154
220626,20:17:56.389,-13.60517813513
220626,21:17:57.543,-13.623795565954
220626,22:17:58.696,-13.549321255414
220626,23:17:59.847,-13.558645180343
220627,00:09:33.981,-13.151679935567
220627,01:09:35.131,-13.142457566805
220627,02:09:36.280,-13.050599087224
220627,03:09:37.435,-13.059798865355
220627,04:09:38.585,-13.059798865355
220627,04:40:57.167,-13.400882178802
220627,05:40:58.324,-13.53074136886
220627,06:40:59.480,-13.549321255414
220627,07:41:00.635,-13.60517813513
220627,08:41:01.790,-13.57723912154
220627,09:41:02.945,-13.595842441097
220627,10:41:04.094,-13.60517813513
220627,11:41:05.249,-13.558645180343
220627,12:41:06.406,-13.549321255414
220627,13:41:07.563,-13.549321255414
220627,14:41:08.719,-13.540060602447
220627,15:41:09.875,-13.595842441097
220627,16:41:11.033,-13.558645180343
220627,17:41:12.187,-13.57723912154
220627,18:41:13.340,-13.614455154103
220627,19:41:14.492,-13.540060602447
220627,20:41:15.648,-13.57723912154
220627,21:41:16.801,-13.558645180343
220627,22:41:17.956,-13.595842441097
220627,23:41:19.111,-13.558645180343
220628,00:41:20.266,-13.60517813513
220628,01:41:21.421,-13.595842441097
220628,02:41:22.579,-13.549321255414
220628,03:41:23.733,-13.540060602447
220628,04:41:24.889,-13.567910497731
220628,05:41:26.046,-13.586570105338
220628,06:41:27.202,-13.614455154103
220628,07:41:28.363,-13.57723912154
220628,08:41:29.516,-13.540060602447
220628,09:41:30.669,-13.540060602447
220628,10:41:31.823,-13.57723912154
220628,11:41:32.977,-13.558645180343
220628,12:41:34.136,-13.53074136886
220628,13:41:35.290,-13.558645180343
220628,14:41:36.445,-13.540060602447
220628,15:41:37.600,-13.60517813513
220628,16:41:38.752,-13.567910497731
220628,17:41:39.908,-13.521424485798
220628,18:41:41.059,-13.540060602447
220628,19:41:42.216,-13.540060602447
220628,20:41:43.366,-13.549321255414
220628,21:41:44.517,-13.540060602447
220628,22:41:45.669,-13.595842441097
220628,23:41:46.828,-13.567910497731
220629,00:41:47.987,-13.558645180343
220629,01:41:49.137,-13.595842441097
220629,02:41:50.297,-13.567910497731
220629,03:41:51.450,-13.567910497731
220629,04:41:52.597,-13.540060602447
220629,05:41:53.758,-13.614455154103
220629,06:41:54.912,-13.558645180343
220629,07:41:56.061,-13.549321255414
220629,08:41:57.208,-13.595842441097
220629,09:41:58.358,-13.60517813513
220629,10:41:59.519,-13.549321255414
220629,11:42:00.674,-13.558645180343
220629,12:42:01.827,-13.623795565954
220629,13:42:02.981,-13.57723912154
220629,14:42:04.136,-13.540060602447
220629,15:42:05.292,-13.595842441097
220629,16:42:06.446,-13.60517813513
220629,17:42:07.599,-13.57723912154
220629,18:42:08.756,-13.549321255414
220629,19:42:09.910,-13.53074136886
220629,20:42:11.061,-13.567910497731
220629,21:42:12.213,-13.549321255414
220629,22:42:13.369,-13.567910497731
220629,23:42:14.525,-13.60517813513
220630,00:42:15.682,-13.549321255414
220630,01:42:16.840,-13.60517813513
220630,02:42:17.996,-13.586570105338
220630,03:42:19.152,-13.558645180343
220630,04:42:20.309,-13.549321255414
220630,05:42:21.463,-13.614455154103
220630,06:42:22.615,-13.586570105338
220630,07:42:23.769,-13.53074136886
220630,08:42:24.939,-13.53074136886
220630,09:42:26.080,-13.51217082306
220630,10:42:27.231,-13.521424485798
220630,11:42:28.387,-13.521424485798
220630,12:42:29.541,-13.595842441097
220630,13:42:30.694,-13.53074136886
220630,14:42:31.853,-13.53074136886
220630,15:42:33.008,-13.558645180343
220630,16:42:34.167,-13.521424485798
220630,17:42:35.325,-13.540060602447
220630,18:42:36.479,-13.57723912154
220630,19:42:37.631,-13.558645180343
220630,20:42:38.788,-13.558645180343
220630,21:42:39.939,-13.540060602447
220630,22:42:41.085,-13.623795565954
220630,23:42:42.238,-13.586570105338
220701,00:42:43.389,-13.567910497731
220701,01:42:44.543,-13.549321255414
220701,02:42:45.695,-13.623795565954
220701,03:42:46.851,-13.540060602447
220701,04:42:48.005,-13.53074136886
220701,05:42:49.158,-13.540060602447
220701,06:42:50.316,-13.623795565954
220701,07:42:51.470,-13.540060602447
220701,08:42:52.623,-13.595842441097
220701,09:10:30.198,-13.225299319442
220701,10:10:31.353,-13.096500173781
220701,11:10:32.506,-13.07814502807
220701,12:10:33.661,-13.096500173781
220701,13:00:49.792,-13.41010806334
220701,14:00:50.948,-13.60517813513
220701,15:00:52.103,-13.595842441097
220701,16:00:53.258,-13.540060602447
220701,17:00:54.415,-13.549321255414
220701,18:00:55.568,-13.60517813513
220701,19:00:56.723,-13.549321255414
220701,20:00:57.877,-13.558645180343
220701,21:00:59.033,-13.558645180343
220701,22:01:00.189,-13.60517813513
220701,23:01:01.342,-13.549321255414
220702,00:01:02.497,-13.567910497731
220702,01:01:03.649,-13.614455154103
220702,02:01:04.806,-13.558645180343
220702,03:01:05.959,-13.57723912154
220702,04:01:07.113,-13.595842441097
220702,05:01:08.269,-13.521424485798
220702,06:01:09.433,-13.595842441097
220702,07:01:10.587,-13.567910497731
220702,08:01:11.737,-13.549321255414
220702,09:01:12.894,-13.567910497731
220702,10:01:14.053,-13.53074136886
220702,11:01:15.207,-13.540060602447
220702,12:01:16.367,-13.540060602447
220702,13:01:17.520,-13.57723912154
220702,14:01:18.675,-13.614455154103
220702,15:01:19.830,-13.549321255414
220702,16:01:20.986,-13.567910497731
220702,17:01:22.136,-13.586570105338
220702,18:01:23.289,-13.586570105338
220702,19:01:24.445,-13.540060602447
220702,20:01:25.595,-13.558645180343
220702,21:01:26.749,-13.540060602447
220702,22:01:27.906,-13.53074136886
220702,23:01:29.061,-13.60517813513
220703,00:01:30.220,-13.57723912154
220703,01:01:31.375,-13.558645180343
220703,02:01:32.527,-13.586570105338
220703,03:01:33.683,-13.540060602447
220703,04:01:34.842,-13.57723912154
220703,05:01:35.997,-13.595842441097
220703,06:01:37.149,-13.558645180343
220703,07:01:38.306,-13.521424485798
220703,08:01:39.463,-13.558645180343
220703,09:01:40.616,-13.540060602447
220703,10:01:41.764,-13.558645180343
220703,11:01:42.922,-13.595842441097
220703,12:01:44.074,-13.549321255414
220703,13:01:45.234,-13.60517813513
220703,14:01:46.394,-13.521424485798
220703,15:01:47.548,-13.502858620047
220703,16:01:48.698,-13.558645180343
220703,17:01:49.857,-13.586570105338
220703,18:01:51.011,-13.540060602447
220703,19:01:52.169,-13.549321255414
220703,20:01:53.330,-13.51217082306
220703,21:01:54.486,-13.595842441097
220703,22:01:55.639,-13.558645180343
220703,23:01:56.801,-13.586570105338
220704,00:01:57.954,-13.614455154103
220704,01:01:59.113,-13.57723912154
220704,02:02:00.269,-13.57723912154
220704,03:02:01.420,-13.60517813513
220704,04:02:02.574,-13.595842441097
220704,05:02:03.734,-13.558645180343
220704,06:02:04.888,-13.549321255414
220704,07:02:06.047,-13.540060602447
220704,08:02:07.205,-13.558645180343
220704,09:02:08.361,-13.558645180343
220704,10:02:09.512,-13.558645180343
220704,11:02:10.663,-13.53074136886
220704,12:02:11.822,-13.567910497731
220704,13:02:12.976,-13.549321255414
220704,14:02:14.124,-13.549321255414
220704,15:02:15.275,-13.567910497731
220704,16:02:16.429,-13.53074136886
220704,17:02:17.585,-13.57723912154
220704,18:02:18.743,-13.623795565954
220704,19:02:19.895,-13.57723912154
220704,20:02:21.050,-13.57723912154
220704,21:02:22.206,-13.567910497731
220704,22:02:23.363,-13.558645180343
220704,23:02:24.514,-13.521424485798
220705,00:02:25.668,-13.558645180343
220705,01:02:26.824,-13.595842441097
220705,02:02:27.981,-13.57723912154
220705,02:16:00.517,-13.216119149114
220705,03:16:01.672,-13.133297725796
220705,04:16:02.825,-13.133297725796
220705,04:28:36.861,-13.475057693866
220705,05:28:38.014,-13.567910497731
220705,06:28:39.172,-13.57723912154
220705,07:28:40.328,-13.540060602447
220705,08:28:41.487,-13.558645180343
220705,09:28:42.639,-13.521424485798
220705,10:28:43.796,-13.60517813513
220705,11:28:44.954,-13.586570105338
220705,12:28:46.103,-13.633138347309
220705,13:28:47.258,-13.614455154103
220705,14:28:48.418,-13.623795565954
220705,15:28:49.574,-13.549321255414
220705,16:28:50.727,-13.623795565954
220705,16:47:54.777,-13.271415533628
220705,17:47:55.933,-13.114864316709
220705,18:47:57.091,-13.151679935567
220705,19:47:58.244,-13.133297725796
220705,20:47:59.400,-13.07814502807
220705,21:48:00.555,-13.124079886519
220705,22:48:01.707,-13.133297725796
220705,23:48:02.866,-13.124079886519
220706,00:48:04.020,-13.096500173781
220706,01:48:05.178,-13.096500173781
220706,02:02:42.717,-13.46575482847
220706,03:02:43.872,-13.623795565954
220706,04:02:45.028,-13.549321255414
220706,04:34:49.105,-13.160844280023
220706,05:34:50.265,-13.096500173781
220706,06:34:51.424,-13.124079886519
220706,07:34:52.573,-13.087351567577
220706,08:34:53.727,-13.068940749062
220706,09:34:54.887,-13.133297725796
220706,10:34:56.041,-13.160844280023
220706,11:34:57.197,-13.151679935567
220706,12:34:58.353,-13.068940749062
220706,13:34:59.514,-13.105711224866
220706,14:11:23.610,-13.447216872829
220706,15:11:24.762,-13.558645180343
220706,16:11:25.914,-13.549321255414
220706,17:11:27.070,-13.567910497731
220706,18:11:28.224,-13.558645180343
220706,19:11:29.377,-13.549321255414
220706,20:11:30.535,-13.558645180343
220706,21:11:31.690,-13.60517813513
220706,22:11:32.845,-13.595842441097
220706,23:11:33.999,-13.614455154103
220707,00:11:35.149,-13.53074136886
220707,01:11:36.304,-13.633138347309
220707,02:11:37.457,-13.614455154103
220707,02:21:48.484,-13.179300369369
220707,03:21:49.634,-13.160844280023
220707,04:21:50.792,-13.133297725796
220707,05:21:51.950,-13.105711224866
220707,06:21:53.111,-13.087351567577
220707,07:21:54.266,-13.151679935567
220707,08:21:55.418,-13.096500173781
220707,09:21:56.570,-13.087351567577
220707,10:21:57.723,-13.105711224866
220707,11:21:58.872,-13.096500173781
220707,12:22:00.040,-13.160844280023
220707,12:43:53.096,-13.502858620047
220707,13:43:54.251,-13.567910497731
220707,14:43:55.408,-13.595842441097
220707,15:43:56.560,-13.586570105338
220707,16:43:57.714,-13.57723912154
220707,17:43:58.869,-13.558645180343
220707,18:44:00.027,-13.53074136886
220707,19:44:01.181,-13.614455154103
220707,20:44:02.338,-13.558645180343
220707,21:44:03.491,-13.549321255414
220707,22:44:04.645,-13.540060602447
220707,23:44:05.800,-13.57723912154
220708,00:44:06.952,-13.614455154103
220708,01:44:08.101,-13.60517813513
220708,02:44:09.254,-13.614455154103
220708,03:44:10.413,-13.614455154103
220708,04:44:11.563,-13.540060602447
220708,05:44:12.718,-13.595842441097
220708,06:44:13.875,-13.567910497731
220708,07:44:15.035,-13.540060602447
220708,08:44:16.192,-13.60517813513
220708,09:44:17.348,-13.595842441097
220708,10:44:18.502,-13.57723912154
220708,11:44:19.654,-13.558645180343
220708,12:44:20.809,-13.567910497731
220708,13:44:21.963,-13.57723912154
220708,14:44:23.119,-13.567910497731
220708,15:44:24.273,-13.614455154103
220708,16:44:25.429,-13.567910497731
220708,17:44:26.587,-13.540060602447
220708,18:44:27.746,-13.614455154103
220708,19:44:28.902,-13.53074136886
220708,20:44:30.061,-13.57723912154
220708,21:44:31.220,-13.595842441097
220708,22:44:32.379,-13.614455154103
220708,23:44:33.533,-13.558645180343
220709,00:44:34.687,-13.614455154103
220709,01:44:35.838,-13.53074136886
220709,02:44:36.992,-13.558645180343
220709,03:44:38.149,-13.540060602447
220709,04:44:39.301,-13.549321255414
220709,05:44:40.456,-13.53074136886
220709,06:44:41.610,-13.595842441097
220709,07:44:42.765,-13.549321255414
220709,08:44:43.919,-13.549321255414
220709,09:44:45.072,-13.614455154103
220709,10:44:46.230,-13.549321255414
220709,11:44:47.389,-13.57723912154
220709,12:44:48.544,-13.614455154103
220709,13:44:49.701,-13.567910497731
220709,14:44:50.864,-13.567910497731
220709,15:44:52.017,-13.57723912154
220709,16:44:53.169,-13.595842441097
220709,17:44:54.325,-13.51217082306
220709,18:44:55.484,-13.540060602447
220709,19:44:56.630,-13.549321255414
220709,20:44:57.785,-13.540060602447
220709,21:44:58.940,-13.558645180343
220709,22:45:00.095,-13.60517813513
220709,23:45:01.249,-13.53074136886
220710,00:45:02.402,-13.614455154103
220710,01:45:03.551,-13.558645180343
220710,02:45:04.705,-13.567910497731
220710,03:45:05.860,-13.57723912154
220710,04:45:07.020,-13.53074136886
220710,05:45:08.174,-13.595842441097
220710,06:45:09.328,-13.53074136886
220710,07:45:10.485,-13.595842441097
220710,08:45:11.635,-13.549321255414
220710,09:45:12.790,-13.586570105338
220710,10:45:13.946,-13.558645180343
220710,11:45:15.102,-13.586570105338
220710,12:45:16.256,-13.558645180343
220710,13:45:17.409,-13.60517813513
220710,14:18:52.496,-13.216119149114
220710,15:18:53.650,-13.07814502807
220710,15:22:02.158,-13.382376631134
220710,15:33:37.687,-13.07814502807
220710,16:33:38.841,-13.087351567577
220710,17:33:40.005,-13.170071185455
220710,18:33:41.159,-13.096500173781
220710,19:33:42.311,-13.114864316709
220710,19:45:37.343,-13.419396963053
220710,20:03:36.387,-13.105711224866
220710,21:03:37.541,-13.160844280023
220710,22:00:10.689,-13.484302072579
220710,22:09:55.713,-13.179300369369
220710,22:33:32.773,-13.51217082306
220710,23:33:33.929,-13.614455154103
220711,00:33:35.083,-13.558645180343
220711,01:33:36.237,-13.567910497731
220711,02:33:37.394,-13.60517813513
220711,03:33:38.551,-13.623795565954
220711,04:33:39.705,-13.567910497731
220711,05:33:40.865,-13.549321255414
220711,06:33:42.021,-13.558645180343
220711,06:45:04.549,-13.216119149114
220711,07:45:05.707,-13.105711224866
220711,08:45:06.863,-13.160844280023
220711,09:45:08.019,-13.087351567577
220711,10:45:09.166,-13.096500173781
220711,11:45:10.322,-13.087351567577
220711,12:45:11.475,-13.170071185455
220711,13:45:12.621,-13.105711224866
220711,14:04:23.167,-13.475057693866
220711,15:04:24.322,-13.60517813513
220711,16:04:25.476,-13.567910497731
220711,16:55:20.606,-13.26222400296
220711,17:01:57.121,-13.57723912154
220711,18:01:58.284,-13.57723912154
220711,19:01:59.443,-13.567910497731
220711,19:19:45.488,-13.216119149114
220711,20:19:46.644,-13.170071185455
220711,21:19:47.802,-13.087351567577
220711,22:19:48.961,-13.160844280023
220711,23:19:50.116,-13.087351567577
220711,23:54:49.707,-13.456454300443
220712,00:04:02.234,-13.151679935567
220712,00:37:24.317,-13.493609603042
220712,01:37:25.469,-13.540060602447
220712,02:37:26.625,-13.614455154103
220712,03:34:12.772,-13.29912479003
220712,04:34:13.928,-13.087351567577
220712,05:34:15.081,-13.096500173781
220712,06:34:16.236,-13.07814502807
220712,07:34:17.391,-13.133297725796
220712,08:34:18.546,-13.105711224866
220712,09:34:19.700,-13.133297725796
220712,10:17:07.308,-13.475057693866
220712,11:17:08.460,-13.57723912154
220712,12:17:09.616,-13.614455154103
220712,13:17:10.768,-13.60517813513
220712,13:59:32.375,-13.29912479003
220712,14:01:29.380,-13.60517813513
220712,14:05:10.390,-13.271415533628
220712,14:06:02.392,-13.586570105338
220712,14:13:43.914,-13.252974290852
220712,14:19:28.428,-13.586570105338
220712,15:19:29.582,-13.614455154103
220712,16:11:16.717,-13.289926418435
220712,16:17:20.731,-13.595842441097
220712,16:17:53.233,-13.271415533628
220712,16:24:10.248,-13.57723912154
220712,16:27:05.754,-13.271415533628
220712,16:32:17.767,-13.586570105338
220712,16:37:36.283,-13.271415533628
220712,16:43:33.792,-13.57723912154
220712,16:43:53.300,-13.252974290852
220712,16:44:45.301,-13.57723912154
220712,17:44:46.456,-13.614455154103
220712,18:44:47.611,-13.549321255414
220712,19:44:48.766,-13.57723912154
220712,20:44:49.920,-13.549321255414
220712,21:44:51.071,-13.595842441097
220712,22:44:52.222,-13.614455154103
220712,23:44:53.377,-13.633138347309
220713,00:44:54.531,-13.567910497731
220713,01:44:55.682,-13.586570105338
220713,02:38:33.319,-13.23454216751
220713,03:38:34.473,-13.105711224866
220713,04:38:35.624,-13.096500173781
220713,05:38:36.779,-13.142457566805
220713,06:20:25.886,-13.447216872829
220713,07:20:27.038,-13.595842441097
220713,08:20:28.190,-13.549321255414
220713,09:20:29.346,-13.549321255414
220713,10:20:30.500,-13.567910497731
220713,11:20:31.651,-13.558645180343
220713,12:20:32.810,-13.53074136886
220713,13:20:33.964,-13.57723912154
220713,14:20:35.114,-13.64242241295
220713,15:20:36.270,-13.623795565954
220713,16:20:37.427,-13.57723912154
220713,17:20:38.584,-13.558645180343
220713,18:20:39.737,-13.595842441097
220713,19:20:40.897,-13.633138347309
220713,20:20:42.054,-13.549321255414
220713,21:20:43.208,-13.586570105338
220713,22:20:44.363,-13.60517813513
220713,23:20:45.517,-13.623795565954
220714,00:20:46.667,-13.57723912154
220714,01:20:47.822,-13.549321255414
220714,02:20:48.978,-13.614455154103
220714,03:20:50.134,-13.595842441097
220714,04:20:51.293,-13.549321255414
220714,05:20:52.455,-13.614455154103
220714,06:20:53.611,-13.586570105338
220714,07:20:54.763,-13.567910497731
220714,08:20:55.919,-13.57723912154
220714,09:20:57.074,-13.633138347309
220714,10:20:58.225,-13.60517813513
220714,11:20:59.379,-13.64242241295
220714,12:21:00.533,-13.614455154103
220714,13:21:01.688,-13.53074136886
220714,14:21:02.846,-13.567910497731
220714,15:21:04.003,-13.60517813513
220714,16:21:05.160,-13.540060602447
220714,17:21:06.315,-13.60517813513
220714,18:21:07.471,-13.57723912154
220714,18:57:18.566,-13.243787306764
220714,19:57:19.724,-13.124079886519
220714,20:57:20.881,-13.07814502807
220714,21:57:22.033,-13.068940749062
220714,22:57:23.182,-13.133297725796
220714,23:57:24.341,-13.059798865355
220715,00:57:25.493,-13.124079886519
220715,01:57:26.642,-13.07814502807
220715,02:57:27.802,-13.142457566805
220715,03:57:28.955,-13.059798865355
220715,04:57:30.118,-13.07814502807
220715,05:57:31.274,-13.096500173781
220715,06:08:21.301,-13.456454300443
220715,07:08:22.456,-13.567910497731
220715,08:08:23.611,-13.540060602447
220715,09:08:24.767,-13.623795565954
220715,10:08:25.926,-13.595842441097
220715,11:08:27.079,-13.595842441097
220715,12:08:28.234,-13.540060602447
220715,13:08:29.389,-13.567910497731
220715,14:08:30.546,-13.614455154103
220715,15:08:31.702,-13.614455154103
220715,16:08:32.855,-13.586570105338
220715,17:08:34.009,-13.614455154103
220715,18:08:35.166,-13.595842441097
220715,19:08:36.327,-13.623795565954
220715,20:08:37.478,-13.567910497731
220715,21:08:38.630,-13.60517813513
220715,22:08:39.787,-13.595842441097
220715,23:08:40.942,-13.614455154103
220716,00:08:42.095,-13.558645180343
220716,01:08:43.252,-13.614455154103
220716,02:08:44.402,-13.567910497731
220716,03:08:45.557,-13.558645180343
220716,04:08:46.709,-13.558645180343
220716,05:08:47.862,-13.549321255414
220716,06:08:49.020,-13.567910497731
220716,07:08:50.180,-13.57723912154
220716,08:08:51.335,-13.558645180343
220716,09:08:52.490,-13.521424485798
220716,10:08:53.637,-13.57723912154
220716,11:08:54.787,-13.558645180343
220716,12:08:55.945,-13.60517813513
220716,13:08:57.094,-13.595842441097
220716,14:08:58.247,-13.558645180343
220716,15:08:59.402,-13.57723912154
220716,16:09:00.549,-13.57723912154
220716,17:09:01.701,-13.53074136886
220716,18:09:02.855,-13.60517813513
220716,19:09:04.005,-13.595842441097
220716,20:09:05.153,-13.595842441097
220716,21:09:06.304,-13.558645180343
220716,22:09:07.459,-13.540060602447
220716,23:09:08.610,-13.60517813513
220717,00:09:09.761,-13.549321255414
220717,01:09:10.917,-13.57723912154
220717,02:09:12.071,-13.549321255414
220717,03:09:13.228,-13.57723912154
220717,04:09:14.384,-13.614455154103
220717,05:09:15.542,-13.549321255414
220717,06:09:16.698,-13.586570105338
220717,07:09:17.865,-13.53074136886
220717,08:09:19.003,-13.614455154103
220717,09:09:20.156,-13.567910497731
220717,10:09:21.307,-13.595842441097
220717,11:09:22.462,-13.614455154103
220717,12:09:23.612,-13.558645180343
220717,13:09:24.767,-13.623795565954
220717,14:09:25.919,-13.57723912154
220717,15:09:27.075,-13.540060602447
220717,16:09:28.222,-13.57723912154
220717,17:09:29.383,-13.633138347309
220717,18:09:30.534,-13.614455154103
220717,19:09:31.692,-13.623795565954
220717,20:09:32.852,-13.57723912154
220717,21:09:34.009,-13.57723912154
220717,22:09:35.163,-13.57723912154
220717,23:09:36.323,-13.595842441097
220718,00:09:37.478,-13.57723912154
220718,01:09:38.627,-13.614455154103
220718,02:09:39.785,-13.521424485798
220718,03:09:40.934,-13.60517813513
220718,04:09:42.087,-13.567910497731
220718,05:09:43.239,-13.595842441097
220718,05:14:03.250,-13.188471489806
220718,06:14:04.402,-13.087351567577
220718,07:14:05.555,-13.068940749062
220718,08:14:06.711,-13.041461671444
220718,09:14:07.870,-13.068940749062
220718,09:18:47.382,-13.447216872829
220718,10:18:48.537,-13.595842441097
220718,11:18:49.685,-13.567910497731
220718,12:18:50.840,-13.549321255414
220718,13:18:51.992,-13.586570105338
220718,14:18:53.142,-13.540060602447
220718,15:18:54.298,-13.549321255414
220718,16:18:55.452,-13.57723912154
220718,17:18:56.604,-13.558645180343
220718,18:18:57.763,-13.567910497731
220718,19:18:58.918,-13.586570105338
220718,20:19:00.070,-13.57723912154
220718,21:19:01.227,-13.614455154103
220718,22:19:02.384,-13.60517813513
220718,23:19:03.538,-13.57723912154
220719,00:19:04.690,-13.60517813513
220719,01:19:05.842,-13.57723912154
220719,02:19:07.001,-13.595842441097
220719,03:19:08.154,-13.614455154103
220719,04:19:09.306,-13.60517813513
220719,05:19:10.458,-13.558645180343
220719,06:19:11.612,-13.614455154103
220719,07:19:12.764,-13.53074136886
220719,08:19:13.920,-13.558645180343
220719,09:19:15.072,-13.57723912154
220719,10:19:16.225,-13.567910497731
220719,11:19:17.379,-13.595842441097
220719,12:19:18.544,-13.57723912154
220719,13:19:19.693,-13.558645180343
220719,14:19:20.850,-13.60517813513
220719,15:19:22.000,-13.623795565954
220719,16:19:23.155,-13.614455154103
220719,17:19:24.311,-13.623795565954
220719,18:19:25.463,-13.57723912154
220719,19:19:26.620,-13.57723912154
220719,20:08:44.249,-13.206880862999
220719,21:08:45.404,-13.105711224866
220719,22:08:46.560,-13.105711224866
220719,22:20:09.089,-13.456454300443
220719,23:20:10.239,-13.567910497731
220720,00:20:11.395,-13.614455154103
220720,01:00:23.001,-13.216119149114
220720,02:00:24.155,-13.068940749062
220720,03:00:25.308,-13.087351567577
220720,04:00:26.458,-13.114864316709
220720,04:35:26.044,-13.456454300443
220720,05:05:26.622,-13.142457566805
220720,06:05:27.772,-13.133297725796
220720,07:05:28.932,-13.096500173781
220720,08:05:30.082,-13.105711224866
220720,09:05:31.234,-13.142457566805
220720,09:17:52.265,-13.53074136886
220720,10:17:53.417,-13.567910497731
220720,11:17:54.569,-13.558645180343
220720,12:17:55.723,-13.60517813513
220720,13:04:11.342,-13.243787306764
220720,13:36:47.926,-13.549321255414
220720,14:36:49.077,-13.60517813513
220720,15:36:50.229,-13.595842441097
220720,16:18:58.843,-13.252974290852
220720,17:18:59.998,-13.096500173781
220720,17:27:20.519,-13.493609603042
220720,17:37:44.544,-13.160844280023
220720,18:03:18.611,-13.46575482847
220720,19:03:19.766,-13.623795565954
220720,20:03:20.926,-13.614455154103
220720,20:49:10.545,-13.30838597369
220720,21:49:11.696,-13.096500173781
220720,22:49:12.848,-13.114864316709
220720,22:55:55.867,-13.484302072579
220720,23:55:57.030,-13.586570105338
220721,00:55:58.187,-13.614455154103
220721,01:55:59.342,-13.614455154103
220721,02:56:00.494,-13.64242241295
220721,03:55:29.143,-13.225299319442
220721,04:55:30.296,-13.133297725796
220721,05:55:31.450,-13.133297725796
220721,06:31:23.041,-13.484302072579
220721,07:31:24.198,-13.60517813513
220721,08:31:25.350,-13.57723912154
220721,08:45:56.386,-13.206880862999
220721,09:45:57.542,-13.096500173781
220721,10:00:28.579,-13.484302072579
220721,11:00:29.733,-13.60517813513
220721,12:00:30.889,-13.595842441097
220721,13:00:32.045,-13.623795565954
220721,14:00:33.205,-13.614455154103
220721,15:00:34.358,-13.60517813513
220721,16:00:35.510,-13.614455154103
220721,17:00:36.660,-13.57723912154
220721,18:00:37.815,-13.567910497731
220721,19:00:38.971,-13.540060602447
220721,20:00:40.129,-13.567910497731
220721,21:00:41.287,-13.567910497731
220721,22:00:42.444,-13.57723912154
220721,23:00:43.594,-13.60517813513
220722,00:00:44.740,-13.595842441097
220722,01:00:45.899,-13.614455154103
220722,01:02:55.904,-13.26222400296
220722,02:02:57.050,-13.114864316709
220722,03:02:58.206,-13.059798865355
220722,04:02:59.356,-13.087351567577
220722,05:03:00.508,-13.059798865355
220722,06:03:01.656,-13.114864316709
220722,07:03:02.817,-13.124079886519
220722,07:29:48.386,-13.456454300443
220722,08:29:49.543,-13.586570105338
220722,09:29:50.699,-13.595842441097
220722,10:29:51.854,-13.60517813513
220722,11:29:53.008,-13.540060602447
220722,12:29:54.159,-13.623795565954
220722,13:29:55.312,-13.567910497731
220722,14:29:56.468,-13.64242241295
220722,15:29:57.629,-13.57723912154
220722,16:29:58.786,-13.614455154103
220722,17:29:59.939,-13.595842441097
220722,18:30:01.095,-13.567910497731
220722,19:30:02.247,-13.623795565954
220722,19:54:11.814,-13.30838597369
220722,19:57:33.322,-13.004754084837
220722,20:57:34.476,-13.050599087224
220722,21:17:24.027,-13.400882178802
220722,22:17:25.178,-13.595842441097
220722,23:17:26.338,-13.567910497731
220723,00:17:27.491,-13.633138347309
220723,01:17:28.640,-13.614455154103
220723,02:17:29.792,-13.633138347309
220723,03:17:30.946,-13.614455154103
220723,04:17:32.103,-13.549321255414
220723,05:17:33.259,-13.623795565954
220723,06:17:34.413,-13.57723912154
220723,07:17:35.566,-13.57723912154
220723,08:17:36.722,-13.53074136886
220723,09:17:37.879,-13.540060602447
220723,10:17:39.036,-13.614455154103
220723,11:17:40.190,-13.586570105338
220723,12:17:41.347,-13.60517813513
220723,13:17:42.501,-13.567910497731
220723,14:17:43.658,-13.595842441097
220723,14:42:19.221,-13.179300369369
220723,15:42:20.374,-13.013942634493
220723,16:42:21.524,-13.050599087224
220723,17:42:22.679,-13.059798865355
220723,18:42:23.836,-13.013942634493
220723,19:42:24.991,-13.023133432177
220723,20:42:26.146,-13.096500173781
220723,21:42:27.301,-13.096500173781
220723,22:42:28.459,-13.105711224866
220723,23:04:21.515,-13.447216872829
220724,00:04:22.671,-13.558645180343
220724,01:04:23.829,-13.567910497731
220724,02:04:24.982,-13.623795565954
220724,03:04:26.138,-13.53074136886
220724,04:04:27.296,-13.586570105338
220724,05:04:28.444,-13.57723912154
220724,06:04:29.601,-13.549321255414
220724,07:04:30.754,-13.595842441097
220724,08:04:31.910,-13.521424485798
220724,09:04:33.067,-13.558645180343
220724,10:04:34.223,-13.633138347309
220724,11:04:35.373,-13.586570105338
220724,12:04:36.525,-13.586570105338
220724,13:04:37.681,-13.57723912154
220724,14:04:38.831,-13.549321255414
220724,15:04:39.986,-13.549321255414
220724,16:04:41.139,-13.540060602447
220724,17:04:42.291,-13.558645180343
220724,18:04:43.443,-13.614455154103
220724,19:04:44.598,-13.57723912154
220724,20:04:45.757,-13.567910497731
220724,21:04:46.912,-13.60517813513
220724,22:04:48.066,-13.60517813513
220724,23:04:49.224,-13.549321255414
220725,00:04:50.377,-13.567910497731
220725,01:04:51.532,-13.540060602447
220725,02:04:52.691,-13.614455154103
220725,03:04:53.847,-13.57723912154
220725,04:04:55.000,-13.549321255414
220725,05:04:56.147,-13.558645180343
220725,06:04:57.302,-13.549321255414
220725,07:04:58.458,-13.623795565954
220725,08:04:59.611,-13.623795565954
220725,09:05:00.765,-13.60517813513
220725,10:05:01.928,-13.540060602447
220725,11:05:03.075,-13.595842441097
220725,12:05:04.225,-13.540060602447
220725,13:05:05.382,-13.540060602447
220725,13:06:16.884,-13.197705221209
220725,13:19:36.419,-13.502858620047
220725,14:19:37.566,-13.595842441097
220725,15:19:38.726,-13.567910497731
220725,16:19:39.885,-13.614455154103
220725,17:19:41.038,-13.57723912154
220725,18:19:42.195,-13.60517813513
220725,19:19:43.348,-13.567910497731
220725,19:44:31.912,-13.206880862999
220725,20:44:33.067,-13.068940749062
220725,21:44:34.217,-13.023133432177
220725,21:49:20.229,-13.447216872829
220725,22:49:21.387,-13.586570105338
220725,23:49:22.541,-13.614455154103
220726,00:49:23.698,-13.64242241295
220726,01:49:24.851,-13.595842441097
220726,02:49:26.010,-13.57723912154
220726,03:49:27.162,-13.633138347309
220726,04:49:28.320,-13.595842441097
220726,05:49:29.476,-13.64242241295
220726,06:49:30.639,-13.558645180343
220726,07:49:31.795,-13.567910497731
220726,08:49:32.948,-13.57723912154
220726,09:49:34.098,-13.623795565954
220726,10:49:35.252,-13.57723912154
220726,11:49:36.408,-13.623795565954
220726,12:49:37.569,-13.60517813513
220726,13:49:38.723,-13.57723912154
220726,14:49:39.879,-13.558645180343
220726,15:49:41.034,-13.57723912154
220726,16:49:42.188,-13.558645180343
220726,17:49:43.342,-13.57723912154
220726,18:49:44.499,-13.57723912154
220726,19:49:45.653,-13.540060602447
220726,20:49:46.804,-13.64242241295
220726,21:49:47.963,-13.623795565954
220726,22:49:49.116,-13.567910497731
220726,23:49:50.270,-13.558645180343
220727,00:49:51.424,-13.623795565954
220727,01:49:52.579,-13.633138347309
220727,02:49:53.733,-13.558645180343
220727,03:49:54.887,-13.633138347309
220727,04:49:56.037,-13.64242241295
220727,05:49:57.185,-13.60517813513
220727,06:49:58.343,-13.595842441097
220727,07:49:59.493,-13.558645180343
220727,08:50:00.642,-13.623795565954
220727,09:50:01.796,-13.586570105338
220727,10:50:02.955,-13.558645180343
220727,11:50:04.108,-13.549321255414
220727,12:50:05.261,-13.567910497731
220727,13:50:06.421,-13.614455154103
220727,14:36:15.544,-13.252974290852
220727,14:36:48.045,-13.57723912154
220727,14:39:50.055,-13.271415533628
220727,14:45:47.569,-13.57723912154
220727,14:47:31.574,-13.243787306764
220727,14:48:04.075,-13.567910497731
220727,15:48:05.231,-13.595842441097
220727,16:48:06.384,-13.558645180343
220727,17:48:07.545,-13.567910497731
220727,18:48:08.698,-13.633138347309
220727,19:48:09.852,-13.567910497731
220727,19:56:36.873,-13.243787306764
220727,20:44:10.499,-13.549321255414
220727,21:44:11.648,-13.586570105338
220727,22:44:12.799,-13.60517813513
220727,23:40:39.446,-13.216119149114
220728,00:40:40.599,-13.151679935567
220728,00:49:33.622,-13.493609603042
220728,01:49:34.780,-13.633138347309
220728,02:49:35.936,-13.73575966516
220728,02:59:40.463,-13.30838597369
220728,03:59:41.622,-13.133297725796
220728,04:59:42.777,-13.243787306764
220728,05:59:43.933,-13.142457566805
220728,06:59:45.089,-13.216119149114
220728,07:57:23.235,-13.60517813513
220728,08:57:24.390,-13.661058691292
220728,09:57:25.545,-13.679765565267
220728,10:57:26.698,-13.754443360228
220728,11:57:27.848,-13.633138347309
220728,12:57:29.004,-13.73575966516
220728,13:57:30.159,-13.633138347309
220728,14:57:31.311,-13.64242241295
220728,15:57:32.464,-13.670410938743
220728,16:57:33.614,-13.73575966516
220728,17:57:34.768,-13.745130952282
220728,18:47:18.398,-13.363819676763
220728,18:59:06.922,-13.689061408141
220728,19:59:08.080,-13.754443360228
220728,20:59:09.233,-13.745130952282
220728,21:04:21.245,-13.30838597369
220728,22:04:22.398,-13.096500173781
220728,23:04:23.552,-13.170071185455
220729,00:04:24.702,-13.206880862999
220729,01:04:25.859,-13.170071185455
220729,02:04:27.012,-13.225299319442
220729,03:04:28.164,-13.179300369369
220729,04:04:29.321,-13.23454216751
220729,05:04:30.485,-13.114864316709
220729,06:04:31.633,-13.133297725796
220729,07:04:32.793,-13.225299319442
220729,08:04:33.949,-13.142457566805
220729,09:04:35.102,-13.23454216751
220729,09:31:14.169,-13.595842441097
220729,10:31:15.323,-13.633138347309
220729,11:31:16.483,-13.717085477867
220729,12:31:17.637,-13.64242241295
220729,13:31:18.791,-13.661058691292
220729,14:31:19.950,-13.679765565267
220729,15:31:21.096,-13.754443360228
220729,15:50:38.140,-13.400882178802
220729,16:06:01.178,-13.096500173781
220729,17:06:02.335,-13.114864316709
220729,18:06:03.493,-13.096500173781
220729,19:06:04.642,-13.170071185455
220729,20:06:05.793,-13.133297725796
220729,21:06:06.947,-13.096500173781
220729,21:40:47.034,-13.46575482847
220729,21:44:54.043,-13.77313657845
220729,22:44:55.195,-13.64242241295
220729,23:44:56.346,-13.791900671459
220730,00:05:24.897,-13.345332588222
220730,01:05:26.048,-13.105711224866
220730,02:05:27.201,-13.160844280023
220730,03:05:28.353,-13.188471489806
220730,04:03:52.000,-13.51217082306
220730,05:03:53.161,-13.670410938743
220730,06:03:54.310,-13.763819422614
220730,07:03:55.467,-13.670410938743
220730,08:03:56.617,-13.623795565954
220730,09:03:57.772,-13.689061408141
220730,10:03:58.927,-13.689061408141
220730,11:04:00.079,-13.661058691292
220730,12:04:01.228,-13.763819422614
220730,12:14:44.755,-13.447216872829
220730,12:17:07.761,-13.133297725796
220730,13:17:08.914,-13.151679935567
220730,14:17:10.058,-13.225299319442
220730,15:17:11.216,-13.096500173781
220730,16:17:12.368,-13.124079886519
220730,17:17:13.524,-13.133297725796
220730,18:17:14.674,-13.114864316709
220730,19:17:15.829,-13.160844280023
220730,20:17:16.982,-13.133297725796
220730,21:17:18.129,-13.188471489806
220730,22:17:19.281,-13.133297725796
220730,23:17:20.437,-13.124079886519
220731,00:17:21.588,-13.206880862999
220731,00:27:39.112,-13.558645180343
220731,01:27:40.261,-13.801224971353
220731,02:27:41.413,-13.717085477867
220731,02:48:35.965,-13.30838597369
220731,03:48:37.120,-13.197705221209
220731,04:48:38.269,-13.188471489806
220731,05:48:39.419,-13.105711224866
220731,06:48:40.573,-13.114864316709
220731,07:24:58.164,-13.633138347309
220731,08:24:59.319,-13.754443360228
220731,09:25:00.475,-13.73575966516
220731,10:25:01.629,-13.64242241295
220731,11:25:02.785,-13.698420783006
220731,12:25:03.938,-13.661058691292
220731,13:24:13.092,-13.30838597369
220731,13:29:18.606,-13.64242241295
220731,14:29:19.757,-13.661058691292
220731,15:29:20.913,-13.77313657845
220731,15:30:51.916,-13.332245653796
220731,15:33:47.424,-13.670410938743
220731,15:39:05.939,-13.35460528924
220731,15:55:01.481,-13.670410938743
220731,16:55:02.632,-13.633138347309
220731,17:55:03.783,-13.707721346994
220731,18:55:04.942,-13.763819422614
220731,19:55:06.098,-13.717085477867
220731,20:51:58.741,-13.317649463179
220731,21:51:59.896,-13.032266387083
220731,22:52:01.049,-13.105711224866
220731,23:52:02.201,-13.160844280023
220801,00:52:03.356,-13.096500173781
220801,01:52:04.513,-13.151679935567
220801,02:52:05.669,-13.124079886519
220801,03:52:06.820,-13.142457566805
220801,04:31:52.420,-13.484302072579
220801,05:31:53.571,-13.763819422614
220801,06:31:54.729,-13.745130952282
220801,07:31:55.881,-13.679765565267
220801,08:31:57.032,-13.689061408141
220801,09:31:58.181,-13.73575966516
220801,10:31:59.334,-13.689061408141
220801,11:10:26.930,-13.32685469208
220801,12:10:28.073,-13.30838597369
220801,12:58:34.200,-13.633138347309
220801,13:58:35.350,-13.717085477867
220801,14:58:36.502,-13.633138347309
220801,15:58:37.659,-13.689061408141
220801,16:50:44.290,-13.345332588222
220801,17:34:23.905,-13.041461671444
220801,18:34:25.060,-13.096500173781
220801,18:48:56.096,-13.549321255414
220801,19:48:57.250,-13.726451997435
220801,20:48:58.402,-13.73575966516
220801,20:53:11.913,-13.428688190797
220801,20:55:21.918,-13.105711224866
220801,21:55:23.067,-13.160844280023
220801,22:55:24.218,-13.087351567577
220801,23:25:18.296,-13.428688190797
220801,23:27:02.301,-13.745130952282
220802,00:27:03.456,-13.745130952282
220802,01:27:04.608,-13.763819422614
220802,02:27:05.762,-13.661058691292
220802,03:27:06.915,-13.670410938743
220802,04:27:08.069,-13.614455154103
220802,05:27:09.220,-13.633138347309
220802,06:27:10.369,-13.707721346994
220802,07:11:09.481,-13.400882178802
220802,07:15:29.491,-13.096500173781
220802,08:15:30.641,-13.087351567577
220802,09:15:31.791,-13.133297725796
220802,10:15:32.942,-13.133297725796
220802,11:15:34.096,-13.133297725796
220802,12:15:35.253,-13.133297725796
220802,13:15:36.411,-13.170071185455
220802,14:15:37.559,-13.179300369369
220802,15:15:38.713,-13.142457566805
220802,16:03:51.334,-13.57723912154
220802,17:03:52.489,-13.745130952282
220802,18:03:53.643,-13.679765565267
220802,19:03:54.796,-13.698420783006
220802,20:03:55.951,-13.64242241295
220802,20:11:56.971,-13.332245653796
220802,21:11:58.124,-13.206880862999
220802,22:11:59.276,-13.124079886519
220802,23:12:00.431,-13.142457566805
220803,00:12:01.586,-13.059798865355
220803,01:12:02.736,-13.124079886519
220803,02:12:03.888,-13.179300369369
220803,03:12:05.051,-13.124079886519
220803,04:12:06.203,-13.225299319442
220803,05:12:07.360,-13.096500173781
220803,06:12:08.515,-13.096500173781
220803,06:38:08.584,-13.53074136886
220803,07:38:09.740,-13.698420783006
220803,08:38:10.895,-13.689061408141
220803,09:35:23.043,-13.363819676763
220803,09:35:55.544,-13.670410938743
220803,09:45:40.568,-13.363819676763
220803,09:51:12.084,-13.698420783006
220803,09:59:32.603,-13.363819676763
220803,10:01:03.607,-13.670410938743
220803,11:01:04.765,-13.707721346994
220803,12:01:05.922,-13.707721346994
220803,13:01:07.071,-13.726451997435
220803,14:01:08.222,-13.819942080654
220803,15:01:09.378,-13.670410938743
220803,16:01:10.534,-13.73575966516
220803,17:01:11.695,-13.77313657845
220803,18:01:12.849,-13.651769923541
220803,19:01:14.002,-13.745130952282
220803,20:01:15.158,-13.679765565267
220803,21:01:16.315,-13.679765565267
220803,22:01:17.470,-13.651769923541
220803,23:01:18.628,-13.754443360228
220804,00:01:19.787,-13.77313657845
220804,00:05:07.296,-13.400882178802
220804,00:07:43.302,-13.087351567577
220804,00:51:48.916,-13.46575482847
220804,00:54:11.924,-13.77313657845
220804,01:54:13.077,-13.651769923541
220804,02:54:14.234,-13.73575966516
220804,03:06:22.267,-13.41010806334
220804,03:10:03.276,-13.096500173781
220804,04:10:04.431,-13.032266387083
220804,05:10:05.591,-13.142457566805
220804,06:10:06.743,-13.050599087224
220804,07:10:07.897,-13.087351567577
220804,08:10:09.057,-13.050599087224
220804,09:10:10.212,-13.059798865355
220804,10:10:11.368,-13.142457566805
220804,11:10:12.520,-13.068940749062
220804,12:10:13.670,-13.059798865355
220804,13:10:14.817,-13.032266387083
220804,13:16:18.834,-13.400882178802
220804,13:20:25.837,-13.707721346994
220804,14:20:26.991,-13.623795565954
220804,15:20:28.134,-13.707721346994
220804,16:20:29.285,-13.763819422614
220804,17:20:30.435,-13.754443360228
220804,18:20:31.592,-13.670410938743
220804,19:20:32.746,-13.77313657845
220804,20:20:33.906,-13.64242241295
220804,21:20:35.060,-13.726451997435
220804,21:36:11.102,-13.35460528924
220804,21:40:37.613,-13.050599087224
220804,22:40:38.769,-13.050599087224
220804,23:14:00.853,-13.35460528924
220804,23:14:20.360,-13.679765565267
220805,00:14:21.517,-13.717085477867
220805,01:14:22.675,-13.64242241295
220805,02:14:23.827,-13.689061408141
220805,03:14:24.982,-13.707721346994
220805,04:14:26.141,-13.64242241295
220805,04:30:15.188,-13.30838597369
220805,05:14:33.796,-13.004754084837
220805,06:14:34.959,-13.041461671444
220805,07:14:36.117,-13.041461671444
220805,08:14:37.271,-13.013942634493
220805,09:14:38.425,-13.013942634493
220805,10:14:39.578,-13.105711224866
220805,11:14:40.736,-13.087351567577
220805,12:14:41.892,-13.151679935567
220805,13:08:26.031,-13.53074136886
220805,14:08:27.182,-13.651769923541
220805,14:51:40.794,-13.32685469208
220805,15:26:53.385,-13.651769923541
220805,15:34:28.405,-13.317649463179
220805,15:54:11.455,-13.64242241295
220805,16:00:15.471,-13.317649463179
220805,16:27:20.538,-13.670410938743
220805,17:27:21.690,-13.707721346994
220805,18:27:22.846,-13.689061408141
220805,19:27:24.000,-13.754443360228
220805,20:27:25.152,-13.670410938743
220805,21:27:26.306,-13.651769923541
220805,22:27:27.462,-13.73575966516
220805,23:27:28.618,-13.689061408141
220806,00:27:29.775,-13.763819422614
220806,01:27:30.936,-13.717085477867
220806,02:27:32.091,-13.73575966516
220806,03:14:26.711,-13.35460528924
220806,03:18:40.221,-13.041461671444
220806,03:40:00.776,-13.502858620047
220806,04:40:01.936,-13.651769923541
220806,05:40:03.095,-13.670410938743
220806,05:56:50.636,-13.289926418435
220806,06:30:58.225,-13.595842441097
220806,07:30:59.384,-13.763819422614
220806,08:31:00.538,-13.670410938743
220806,09:31:01.692,-13.763819422614
220806,10:31:02.848,-13.679765565267
220806,11:31:04.002,-13.763819422614
220806,12:31:05.160,-13.763819422614
220806,13:31:06.319,-13.726451997435
220806,14:31:07.476,-13.64242241295
220806,15:31:08.635,-13.633138347309
220806,16:03:06.217,-13.30838597369
220806,16:47:24.833,-13.004754084837
220806,16:48:36.335,-13.46575482847
220806,17:25:45.931,-13.77313657845
220806,18:25:47.086,-13.698420783006
220806,19:25:48.242,-13.614455154103
220806,19:26:33.743,-13.30838597369
220806,19:47:28.296,-12.99562781534
220806,20:47:29.455,-13.013942634493
220806,21:47:30.606,-13.013942634493
220806,22:47:31.763,-13.041461671444
220806,23:47:32.917,-13.059798865355
220807,00:47:34.070,-13.087351567577
220807,01:47:35.224,-13.041461671444
220807,02:47:36.381,-13.059798865355
220807,03:47:37.539,-13.059798865355
220807,04:47:38.695,-13.114864316709
220807,05:47:39.859,-13.013942634493
220807,06:47:41.019,-13.114864316709
220807,07:47:42.178,-13.07814502807
220807,08:47:43.338,-13.013942634493
220807,09:47:44.491,-13.151679935567
220807,10:06:09.539,-13.549321255414
220807,11:06:10.694,-13.717085477867
220807,12:06:11.852,-13.698420783006
220807,13:00:02.492,-13.30838597369
220807,13:18:40.540,-13.004754084837
220807,14:18:41.692,-12.97726191085
220807,15:18:42.852,-12.958964945522
220807,16:18:44.005,-13.096500173781
220807,17:18:45.160,-13.114864316709
220807,18:10:51.789,-13.475057693866
220807,18:55:29.903,-13.782517423828
220807,19:55:31.059,-13.73575966516
220807,20:55:32.215,-13.633138347309
220807,21:55:33.372,-13.670410938743
220807,22:55:34.528,-13.698420783006
220807,23:55:35.687,-13.698420783006
220808,00:55:36.848,-13.661058691292
220808,01:55:38.001,-13.745130952282
220808,02:55:39.156,-13.726451997435
220808,03:55:40.316,-13.763819422614
220808,04:55:41.472,-13.754443360228
220808,05:55:42.622,-13.745130952282
220808,06:55:43.778,-13.670410938743
220808,07:45:46.908,-13.332245653796
220808,08:05:23.460,-13.023133432177
220808,09:05:24.614,-13.068940749062
220808,10:05:25.771,-13.013942634493
220808,10:40:44.861,-13.41010806334
220808,10:42:35.366,-13.717085477867
220808,11:42:36.515,-13.670410938743
220808,12:42:37.669,-13.698420783006
220808,13:42:38.831,-13.689061408141
220808,14:42:39.987,-13.64242241295
220808,15:42:41.142,-13.661058691292
220808,16:42:42.292,-13.754443360228
220808,17:42:43.443,-13.726451997435
220808,18:42:44.596,-13.698420783006
220808,19:42:45.750,-13.717085477867
220808,20:42:46.901,-13.77313657845
220808,21:42:48.055,-13.707721346994
220808,22:42:49.211,-13.679765565267
220808,23:42:50.369,-13.689061408141
220809,00:42:51.527,-13.698420783006
220809,01:42:52.685,-13.745130952282
220809,02:42:53.840,-13.651769923541
220809,02:58:55.883,-13.317649463179
220809,03:01:31.889,-13.651769923541
220809,04:01:33.041,-13.698420783006
220809,04:55:36.678,-13.382376631134
220809,04:57:14.182,-13.068940749062
220809,05:57:15.337,-13.105711224866
220809,06:57:16.495,-13.050599087224
220809,07:57:17.652,-13.059798865355
220809,08:57:18.806,-13.07814502807
220809,09:57:19.963,-12.940676871424
220809,10:57:21.115,-13.07814502807
220809,11:57:22.270,-13.004754084837
220809,12:57:23.423,-12.986443741741
220809,13:57:24.578,-13.087351567577
220809,14:57:25.735,-13.124079886519
220809,15:57:26.889,-13.059798865355
220809,16:07:31.415,-13.521424485798
220809,17:07:32.569,-13.717085477867
220809,18:07:33.724,-13.763819422614
220809,18:54:54.348,-13.391597914367
220809,18:55:39.849,-13.087351567577
220809,19:55:41.002,-12.97726191085
220809,20:55:42.156,-13.004754084837
220809,21:55:43.318,-13.013942634493
220809,22:55:44.473,-13.041461671444
220809,23:55:45.623,-13.105711224866
220810,00:55:46.781,-12.958964945522
220810,01:55:47.940,-13.124079886519
220810,02:26:40.517,-13.51217082306
220810,03:26:41.671,-13.745130952282
220810,04:26:42.830,-13.633138347309
220810,05:26:43.981,-13.679765565267
220810,06:26:45.139,-13.754443360228
220810,07:26:46.298,-13.670410938743
220810,08:26:47.455,-13.763819422614
220810,09:26:48.609,-13.651769923541
220810,10:26:49.766,-13.670410938743
220810,11:26:50.926,-13.670410938743
220810,12:26:52.084,-13.726451997435
220810,13:26:53.241,-13.689061408141
220810,14:26:54.391,-13.745130952282
220810,15:26:55.547,-13.651769923541
220810,16:26:56.698,-13.661058691292
220810,17:26:57.854,-13.754443360228
220810,18:26:59.007,-13.633138347309
220810,19:27:00.162,-13.782517423828
220810,20:27:01.314,-13.745130952282
220810,21:27:02.469,-13.77313657845
220810,21:33:38.987,-13.437920998664
220810,21:34:30.989,-13.133297725796
220810,22:34:32.145,-13.023133432177
220810,23:34:33.303,-13.032266387083
220811,00:34:34.461,-13.013942634493
220811,01:34:35.618,-12.958964945522
220811,02:34:36.776,-13.032266387083
220811,03:34:37.936,-12.968142310943
220811,04:34:39.086,-13.050599087224
220811,05:34:40.239,-13.059798865355
220811,06:34:41.397,-12.986443741741
220811,07:34:42.558,-13.023133432177
220811,08:24:58.687,-13.46575482847
220811,08:46:06.243,-13.77313657845
220811,09:46:07.399,-13.73575966516
220811,10:46:08.559,-13.707721346994
220811,11:46:09.714,-13.679765565267
220811,12:46:10.871,-13.661058691292
220811,13:46:12.028,-13.77313657845
220811,14:46:13.181,-13.77313657845
220811,15:46:14.341,-13.791900671459
220811,16:46:15.498,-13.670410938743
220811,17:46:16.653,-13.726451997435
220811,18:46:17.811,-13.763819422614
220811,19:46:18.966,-13.745130952282
220811,20:46:20.120,-13.77313657845
220811,21:45:35.773,-13.30838597369
220811,22:13:00.343,-13.004754084837
220811,23:13:01.497,-13.059798865355
220812,00:13:02.655,-13.041461671444
220812,01:13:03.814,-13.032266387083
220812,02:13:04.971,-13.07814502807
220812,03:13:06.127,-12.99562781534
220812,04:13:07.281,-13.059798865355
220812,05:13:08.435,-13.059798865355
220812,06:13:09.589,-12.958964945522
220812,07:13:10.746,-13.050599087224
220812,08:03:59.378,-13.540060602447
220812,09:04:00.531,-13.689061408141
220812,10:04:01.684,-13.754443360228
220812,11:04:02.840,-13.754443360228
220812,12:04:03.993,-13.64242241295
220812,13:04:05.145,-13.763819422614
220812,14:04:06.303,-13.64242241295
220812,15:04:07.456,-13.64242241295
220812,16:04:08.611,-13.633138347309
220812,17:04:09.761,-13.717085477867
220812,18:04:10.918,-13.754443360228
220812,19:04:12.078,-13.689061408141
220812,20:04:13.230,-13.651769923541
220812,21:00:00.876,-13.30838597369
220812,21:16:22.419,-13.004754084837
220812,22:16:23.579,-13.068940749062
220812,23:16:24.733,-13.114864316709
220813,00:16:25.889,-13.068940749062
220813,00:56:56.994,-13.428688190797
220813,00:58:40.998,-13.73575966516
220813,01:58:42.150,-13.64242241295
220813,02:58:43.306,-13.661058691292
220813,03:58:44.461,-13.623795565954
220813,04:47:23.083,-13.29912479003
220813,05:19:33.662,-12.99562781534
220813,05:35:48.703,-13.521424485798
220813,06:35:49.858,-13.679765565267
220813,07:35:51.012,-13.77313657845
220813,08:35:52.166,-13.707721346994
220813,09:35:53.323,-13.754443360228
220813,10:35:54.477,-13.717085477867
220813,11:35:55.628,-13.633138347309
220813,12:35:56.782,-13.73575966516
220813,13:35:57.938,-13.679765565267
220813,14:35:59.088,-13.670410938743
220813,15:36:00.242,-13.679765565267
220813,16:36:01.400,-13.726451997435
220813,16:38:04.905,-13.363819676763
220813,16:48:09.433,-13.059798865355
220813,17:48:10.586,-13.013942634493
220813,18:48:11.747,-13.023133432177
220813,19:48:12.901,-12.99562781534
220813,20:48:14.056,-13.096500173781
220813,21:48:15.220,-12.97726191085
220813,22:48:16.378,-12.986443741741
220813,23:48:17.530,-12.97726191085
220814,00:48:18.691,-13.105711224866
220814,01:48:19.849,-12.97726191085
220814,02:48:21.001,-13.07814502807
220814,03:48:22.154,-13.023133432177
220814,04:48:23.309,-13.07814502807
220814,05:48:24.473,-13.004754084837
220814,06:02:23.011,-13.437920998664
220814,06:05:25.019,-13.745130952282
220814,07:05:26.169,-13.745130952282
220814,08:05:27.323,-13.633138347309
220814,08:45:19.427,-13.32685469208
220814,08:49:52.439,-13.64242241295
220814,09:49:53.593,-13.661058691292
220814,10:49:54.748,-13.763819422614
220814,11:49:55.907,-13.689061408141
220814,12:49:57.067,-13.651769923541
220814,13:49:58.220,-13.651769923541
220814,14:49:59.376,-13.633138347309
220814,15:50:00.525,-13.77313657845
220814,16:50:01.680,-13.754443360228
220814,17:50:02.836,-13.670410938743
220814,18:50:03.987,-13.661058691292
220814,19:50:05.141,-13.689061408141
220814,20:41:45.772,-13.35460528924
220814,20:44:02.280,-13.050599087224
220814,21:02:14.328,-13.633138347309
220814,22:02:15.485,-13.689061408141
220814,23:02:16.639,-13.726451997435
220815,00:02:17.789,-13.73575966516
220815,01:02:18.946,-13.717085477867
220815,02:02:20.100,-13.698420783006
220815,03:02:21.255,-13.661058691292
220815,04:02:22.417,-13.707721346994
220815,05:02:23.574,-13.717085477867
220815,05:49:24.692,-13.29912479003
220815,06:07:49.740,-12.986443741741
220815,07:07:50.891,-12.968142310943
220815,08:07:52.045,-12.99562781534
220815,09:07:53.201,-12.97726191085
220815,10:07:54.357,-13.07814502807
220815,11:07:55.514,-13.023133432177
220815,12:07:56.671,-13.050599087224
220815,13:07:57.824,-12.986443741741
220815,14:07:58.981,-13.105711224866
220815,14:14:02.997,-13.428688190797
220815,14:18:23.008,-13.745130952282
220815,15:18:24.164,-13.763819422614
220815,16:00:58.777,-13.437920998664
220815,16:11:55.306,-13.754443360228
220815,16:14:24.815,-13.437920998664
220815,16:16:21.819,-13.754443360228
220815,17:11:56.466,-13.382376631134
220815,17:18:19.983,-13.707721346994
220815,17:23:25.495,-13.382376631134
220815,17:28:57.010,-13.689061408141
220815,18:28:58.166,-13.707721346994
220815,19:28:59.318,-13.745130952282
220815,20:29:00.472,-13.73575966516
220815,21:29:01.624,-13.651769923541
220815,22:29:02.782,-13.73575966516
220815,22:37:16.804,-13.35460528924
220815,22:40:18.812,-13.041461671444
220815,23:40:19.965,-13.179300369369
220816,00:40:21.116,-12.931566130118
220816,00:51:50.146,-13.363819676763
220816,00:52:35.647,-13.679765565267
220816,01:52:36.802,-13.633138347309
220816,02:52:37.957,-13.745130952282
220816,03:52:39.108,-13.763819422614
220816,04:52:40.264,-13.679765565267
220816,05:52:41.417,-13.77313657845
220816,06:52:42.574,-13.73575966516
220816,07:52:43.730,-13.661058691292
220816,08:52:44.890,-13.689061408141
220816,09:52:46.045,-13.73575966516
220816,10:52:47.200,-13.689061408141
220816,11:52:48.357,-13.651769923541
220816,12:52:49.513,-13.763819422614
220816,13:52:50.665,-13.698420783006
220816,14:52:51.819,-13.73575966516
220816,15:52:52.974,-13.633138347309
220816,16:52:54.130,-13.679765565267
220816,16:55:04.136,-13.373096994577
220816,16:55:36.637,-13.745130952282
220816,16:58:25.644,-13.41010806334
220816,16:59:17.647,-13.745130952282
220816,17:01:08.153,-13.363819676763
220816,17:02:32.657,-13.670410938743
220816,17:25:17.715,-13.363819676763
220816,17:26:03.217,-13.698420783006
220816,17:27:53.721,-13.32685469208
220816,17:28:45.724,-13.661058691292
220816,17:33:05.735,-13.345332588222
220816,17:36:07.743,-13.698420783006
220816,17:37:45.248,-13.345332588222
220816,17:42:44.261,-13.689061408141
220816,17:44:47.767,-13.35460528924
220816,17:45:20.268,-13.707721346994
220816,17:47:36.767,-13.391597914367
220816,17:49:01.277,-13.707721346994
220816,17:53:27.788,-13.400882178802
220816,17:58:20.301,-13.707721346994
220816,18:00:04.305,-13.400882178802
220816,18:05:35.819,-13.717085477867
220816,18:06:01.821,-13.391597914367
220816,18:06:40.822,-13.707721346994
220816,18:09:36.329,-13.400882178802
220816,18:11:26.835,-13.707721346994
220816,18:14:41.843,-13.373096994577
220816,18:20:52.360,-13.707721346994
220816,18:22:42.864,-13.363819676763
220816,18:28:59.880,-13.670410938743
220816,18:29:51.882,-13.363819676763
220816,18:31:16.385,-13.670410938743
220816,18:33:13.390,-13.363819676763
220816,18:33:58.892,-13.717085477867
220816,19:34:00.048,-13.726451997435
220816,20:34:01.199,-13.763819422614
220816,21:34:02.355,-13.763819422614
220816,22:34:03.507,-13.670410938743
220816,23:34:04.657,-13.633138347309
220817,00:34:05.812,-13.77313657845
220817,01:34:06.967,-13.651769923541
220817,02:34:08.123,-13.707721346994
220817,03:34:09.281,-13.73575966516
220817,04:34:10.440,-13.651769923541
220817,05:34:11.593,-13.661058691292
220817,06:34:12.745,-13.745130952282
220817,07:34:13.902,-13.726451997435
220817,07:43:45.926,-13.32685469208
220817,08:15:43.513,-13.023133432177
220817,09:15:44.672,-13.114864316709
220817,10:15:45.826,-13.087351567577
220817,11:15:46.981,-13.068940749062
220817,12:15:48.131,-13.151679935567
220817,13:15:49.286,-13.068940749062
220817,14:15:50.441,-13.004754084837
220817,15:15:51.596,-12.99562781534
220817,16:15:52.752,-13.105711224866
220817,17:15:53.904,-13.114864316709
220817,18:01:50.027,-13.475057693866
220817,18:20:15.075,-13.782517423828
220817,19:20:16.233,-13.763819422614
220817,20:20:17.389,-13.763819422614
220817,21:20:18.543,-13.60517813513
220817,22:20:19.698,-13.614455154103
220817,23:20:20.853,-13.754443360228
220818,00:20:22.003,-13.782517423828
220818,01:20:23.158,-13.73575966516
220818,02:20:24.312,-13.670410938743
220818,03:20:25.465,-13.707721346994
220818,04:20:26.614,-13.670410938743
220818,05:20:27.768,-13.679765565267
220818,06:20:28.925,-13.661058691292
220818,07:20:30.083,-13.726451997435
220818,08:20:31.234,-13.717085477867
220818,09:20:32.386,-13.754443360228
220818,10:20:33.545,-13.754443360228
220818,11:20:34.698,-13.614455154103
220818,12:20:35.854,-13.763819422614
220818,12:26:00.868,-13.382376631134
220818,12:31:58.385,-13.707721346994
220818,12:36:31.395,-13.391597914367
220818,12:37:03.897,-13.73575966516
220818,12:40:57.907,-13.41010806334
220818,12:41:36.907,-13.745130952282
220818,12:42:28.910,-13.428688190797
220818,12:49:11.926,-13.73575966516
220818,12:50:16.929,-13.419396963053
220818,12:56:27.445,-13.73575966516
220818,13:56:28.606,-13.661058691292
220818,14:56:29.756,-13.679765565267
220818,15:56:30.913,-13.707721346994
220818,16:56:32.067,-13.698420783006
220818,17:56:33.222,-13.745130952282
220818,18:56:34.378,-13.745130952282
220818,19:56:35.535,-13.689061408141
220818,20:56:36.691,-13.726451997435
220818,21:56:37.845,-13.791900671459
220818,22:56:38.996,-13.73575966516
220818,23:56:40.152,-13.64242241295
220819,00:56:41.307,-13.791900671459
220819,01:56:42.463,-13.661058691292
220819,02:52:23.605,-13.317649463179
220819,03:18:56.176,-13.013942634493
220819,04:18:57.328,-13.105711224866
220819,05:18:58.487,-13.023133432177
220819,05:46:36.058,-13.46575482847
220819,05:50:49.571,-13.77313657845
220819,06:50:50.724,-13.670410938743
220819,07:50:51.881,-13.651769923541
220819,08:50:53.042,-13.679765565267
220819,08:53:35.548,-13.332245653796
220819,09:08:06.584,-13.023133432177
220819,10:08:07.741,-13.013942634493
220819,11:08:08.904,-13.023133432177
220819,12:08:10.058,-12.99562781534
220819,13:08:11.216,-13.087351567577
220819,14:08:12.370,-12.968142310943
220819,15:08:13.527,-13.004754084837
220819,16:08:14.678,-13.068940749062
220819,17:08:15.839,-13.087351567577
220819,18:08:17.000,-13.105711224866
220819,19:08:18.160,-13.105711224866
220819,20:08:19.317,-13.133297725796
220819,21:08:20.471,-13.105711224866
220819,22:08:21.630,-13.023133432177
220819,23:08:22.785,-13.023133432177
220819,23:17:22.309,-13.53074136886
220820,00:17:23.470,-13.633138347309
220820,01:17:24.629,-13.651769923541
220820,01:22:23.640,-13.243787306764
220820,01:49:35.213,-13.549321255414
220820,02:49:36.367,-13.614455154103
220820,03:49:37.522,-13.670410938743
220820,04:49:38.681,-13.633138347309
220820,05:49:39.836,-13.651769923541
220820,06:49:40.993,-13.754443360228
220820,07:49:42.144,-13.670410938743
220820,08:49:43.302,-13.707721346994
220820,09:49:44.458,-13.77313657845
220820,10:49:45.615,-13.661058691292
220820,11:49:46.771,-13.77313657845
220820,12:04:11.306,-13.373096994577
220820,12:05:48.810,-13.068940749062
220820,13:05:49.965,-13.013942634493
220820,14:05:51.120,-13.068940749062
220820,15:05:52.273,-13.07814502807
220820,16:05:53.425,-13.068940749062
220820,17:05:54.582,-13.050599087224
220820,18:05:55.735,-12.97726191085
220820,19:05:56.889,-13.096500173781
220820,20:05:58.041,-13.023133432177
220820,21:05:59.192,-12.99562781534
220820,22:06:00.349,-13.087351567577
220820,22:19:58.886,-13.57723912154
220820,23:20:00.039,-13.614455154103
220821,00:20:01.197,-13.754443360228
220821,00:52:37.779,-13.391597914367
220821,00:54:15.283,-13.087351567577
220821,01:54:16.445,-13.032266387083
220821,02:54:17.598,-12.940676871424
220821,03:54:18.750,-13.050599087224
220821,04:54:19.909,-12.958964945522
220821,05:46:26.545,-13.29912479003
220821,05:46:39.546,-13.614455154103
220821,06:46:40.699,-13.64242241295
220821,07:46:41.853,-13.679765565267
220821,08:46:43.007,-13.707721346994
220821,09:27:27.109,-13.30838597369
220821,09:41:45.146,-13.004754084837
220821,10:41:46.307,-13.087351567577
220821,11:41:47.463,-12.99562781534
220821,12:41:48.618,-12.931566130118
220821,13:41:49.770,-12.986443741741
220821,14:41:50.928,-13.07814502807
220821,15:41:52.087,-13.013942634493
220821,16:41:53.243,-12.940676871424
220821,17:41:54.393,-13.013942634493
220821,18:41:55.553,-12.97726191085
220821,19:41:56.705,-13.087351567577
220821,19:48:33.224,-13.521424485798
220821,20:48:34.381,-13.64242241295
220821,21:48:35.541,-13.726451997435
220821,22:48:36.695,-13.60517813513
220821,22:59:20.222,-13.28066982587
220821,23:17:45.272,-12.97726191085
220822,00:17:46.427,-13.023133432177
220822,01:17:47.581,-13.032266387083
220822,02:17:48.735,-13.023133432177
220822,03:17:49.896,-12.958964945522
220822,04:17:51.048,-13.050599087224
220822,05:17:52.202,-12.97726191085
220822,06:17:53.358,-13.004754084837
220822,07:17:54.515,-12.97726191085
220822,08:17:55.671,-12.97726191085
220822,09:17:56.828,-13.032266387083
220822,10:17:57.985,-12.97726191085
220822,11:17:59.138,-13.059798865355
220822,12:18:00.297,-13.004754084837
220822,13:18:01.449,-13.013942634493
220822,14:11:00.086,-13.53074136886
220822,15:11:01.244,-13.670410938743
220822,16:11:02.400,-13.689061408141
220822,17:11:03.557,-13.745130952282
220822,17:23:37.587,-13.382376631134
220822,17:25:41.093,-13.707721346994
220822,17:26:20.095,-13.289926418435
220822,17:37:42.623,-13.670410938743
220822,18:37:43.777,-13.707721346994
220822,18:49:12.805,-13.289926418435
220822,18:55:29.823,-13.651769923541
220822,18:59:23.832,-13.345332588222
220822,19:35:54.427,-13.661058691292
220822,19:37:25.431,-13.345332588222
220822,19:40:33.938,-13.661058691292
220822,19:42:37.446,-13.30838597369
220822,19:55:50.481,-13.651769923541
220822,20:08:24.512,-13.289926418435
220822,20:10:54.018,-13.595842441097
220822,21:10:55.171,-13.73575966516
220822,22:10:56.327,-13.73575966516
220822,23:10:57.486,-13.64242241295
220823,00:10:58.636,-13.754443360228
220823,01:10:59.791,-13.745130952282
220823,01:41:13.371,-13.35460528924
220823,01:43:29.877,-13.050599087224
220823,02:43:31.031,-13.050599087224
220823,03:43:32.185,-13.041461671444
220823,04:43:33.340,-13.059798865355
220823,05:43:34.495,-12.968142310943
220823,06:43:35.656,-13.050599087224
220823,07:43:36.807,-13.013942634493
220823,08:43:37.962,-13.059798865355
220823,09:43:39.115,-13.059798865355
220823,10:43:40.272,-13.068940749062
220823,11:43:41.431,-13.050599087224
220823,12:43:42.584,-13.023133432177
220823,13:43:43.734,-13.050599087224
220823,13:59:00.283,-13.493609603042
220823,14:59:01.430,-13.651769923541
220823,15:59:02.585,-13.661058691292
220823,16:59:03.738,-13.651769923541
220823,17:59:04.892,-13.717085477867
220823,18:59:06.053,-13.707721346994
220823,19:59:07.206,-13.707721346994
220823,20:59:08.362,-13.717085477867
220823,21:59:09.524,-13.670410938743
220823,22:59:10.679,-13.77313657845
220823,23:59:11.836,-13.754443360228
220824,00:59:12.988,-13.661058691292
220824,01:59:14.141,-13.698420783006
220824,02:59:15.296,-13.670410938743
220824,03:59:16.453,-13.64242241295
220824,04:59:17.610,-13.717085477867
220824,05:59:18.766,-13.707721346994
220824,06:59:19.919,-13.73575966516
220824,07:59:21.071,-13.717085477867
220824,08:59:22.222,-13.707721346994
220824,09:59:23.379,-13.782517423828
220824,10:59:24.535,-13.77313657845
220824,11:59:25.690,-13.726451997435
220824,12:59:26.842,-13.745130952282
220824,13:59:27.997,-13.679765565267
220824,14:59:29.155,-13.698420783006
220824,15:59:30.307,-13.717085477867
220824,16:59:31.466,-13.763819422614
220824,17:59:32.619,-13.791900671459
220824,18:51:26.254,-13.382376631134
220824,18:58:09.272,-13.698420783006
220824,19:04:32.789,-13.32685469208
220824,19:06:23.293,-13.661058691292
220824,19:12:59.810,-13.35460528924
220824,20:13:00.964,-13.216119149114
220824,21:13:02.115,-13.29912479003
220824,22:13:03.273,-13.243787306764
220824,23:13:04.429,-13.30838597369
220825,00:13:05.585,-13.216119149114
220825,01:13:06.742,-13.317649463179
220825,02:13:07.897,-13.317649463179
220825,03:13:09.050,-13.28066982587
220825,04:13:10.206,-13.271415533628
220825,05:13:11.365,-13.26222400296
220825,06:13:12.522,-13.345332588222
220825,07:13:13.675,-13.289926418435
220825,08:13:14.829,-13.289926418435
220825,09:10:26.977,-13.64242241295
220825,10:10:28.131,-13.689061408141
220825,11:10:29.286,-13.670410938743
220825,12:10:30.441,-13.670410938743
220825,13:10:31.594,-13.745130952282
220825,14:10:32.751,-13.707721346994
220825,15:10:33.907,-13.689061408141
220825,16:10:35.060,-13.689061408141
220825,17:10:36.217,-13.73575966516
220825,18:10:37.368,-13.661058691292
220825,18:57:05.991,-13.32685469208
220825,19:41:31.107,-13.679765565267
220825,20:07:05.171,-13.35460528924
220825,21:07:06.330,-13.243787306764
220825,22:07:07.489,-13.271415533628
220825,23:07:08.643,-13.345332588222
220826,00:07:09.794,-13.332245653796
220826,01:07:10.953,-13.28066982587
220826,02:07:12.112,-13.28066982587
220826,03:07:13.272,-13.28066982587
220826,04:07:14.429,-13.28066982587
220826,05:07:15.582,-13.30838597369
220826,06:07:16.735,-13.216119149114
220826,07:07:17.895,-13.23454216751
220826,08:07:19.049,-13.252974290852
220826,09:07:20.203,-13.332245653796
220826,09:12:12.717,-13.651769923541
220826,10:12:13.867,-13.754443360228
220826,11:12:15.025,-13.726451997435
220826,12:12:16.176,-13.810613013612
220826,13:12:17.326,-13.717085477867
220826,14:12:18.486,-13.73575966516
220826,15:12:19.644,-13.707721346994
220826,16:12:20.803,-13.623795565954
220826,17:12:21.957,-13.745130952282
220826,18:12:23.112,-13.623795565954
220826,19:12:24.271,-13.670410938743
220826,20:12:25.430,-13.745130952282
220826,21:12:26.585,-13.689061408141
220826,22:12:27.739,-13.64242241295
220826,23:12:28.901,-13.745130952282
220827,00:12:30.058,-13.689061408141
220827,01:12:31.223,-13.73575966516
220827,02:12:32.375,-13.73575966516
220827,03:12:33.528,-13.651769923541
220827,04:12:34.689,-13.651769923541
220827,05:12:35.847,-13.661058691292
220827,06:12:37.002,-13.73575966516
220827,07:12:38.159,-13.614455154103
220827,08:12:39.319,-13.633138347309
220827,09:12:40.480,-13.763819422614
220827,10:12:41.635,-13.661058691292
220827,11:12:42.792,-13.726451997435
220827,12:12:43.944,-13.689061408141
220827,13:12:45.102,-13.717085477867
220827,14:12:46.258,-13.633138347309
220827,15:12:47.416,-13.633138347309
220827,16:12:48.569,-13.651769923541
220827,17:12:49.727,-13.623795565954
220827,18:12:50.885,-13.60517813513
220827,19:12:52.037,-13.698420783006
220827,20:12:53.187,-13.670410938743
220827,21:12:54.340,-13.689061408141
220827,22:12:55.499,-13.698420783006
220827,23:12:56.658,-13.60517813513
220828,00:12:57.817,-13.754443360228
220828,01:12:58.974,-13.64242241295
220828,02:13:00.136,-13.679765565267
220828,03:13:01.293,-13.698420783006
220828,04:13:02.451,-13.679765565267
220828,05:13:03.607,-13.73575966516
220828,06:13:04.760,-13.633138347309
220828,07:13:05.912,-13.698420783006
220828,08:13:07.068,-13.689061408141
220828,09:13:08.223,-13.717085477867
220828,10:13:09.376,-13.651769923541
220828,11:13:10.534,-13.745130952282
220828,12:13:11.691,-13.651769923541
220828,13:13:12.845,-13.726451997435
220828,14:13:13.998,-13.726451997435
220828,15:13:15.153,-13.64242241295
220828,16:13:16.308,-13.745130952282
220828,17:13:17.458,-13.763819422614
220828,18:13:18.613,-13.698420783006
220828,19:13:19.767,-13.726451997435
220828,20:13:20.920,-13.60517813513
220828,21:13:22.078,-13.623795565954
220828,22:13:23.234,-13.661058691292
220828,23:13:24.389,-13.745130952282
220829,00:13:25.546,-13.670410938743
220829,01:13:26.705,-13.689061408141
220829,02:13:27.861,-13.707721346994
220829,03:13:29.021,-13.64242241295
220829,04:13:30.180,-13.670410938743
220829,05:13:31.334,-13.717085477867
220829,06:13:32.489,-13.726451997435
220829,07:13:33.641,-13.754443360228
220829,08:13:34.799,-13.64242241295
220829,09:13:35.953,-13.791900671459
220829,10:13:37.105,-13.698420783006
220829,11:13:38.263,-13.679765565267
220829,11:16:14.271,-13.689061408141
220829,11:16:20.771,-13.707721346994
220829,11:16:27.270,-13.717085477867
220829,11:16:33.772,-13.689061408141
220829,11:16:40.272,-13.661058691292
220829,11:16:46.772,-13.64242241295
220829,11:16:53.273,-13.633138347309
220829,11:16:59.773,-13.633138347309
220829,11:17:06.272,-13.64242241295
220829,11:17:12.773,-13.670410938743
220829,11:17:19.273,-13.679765565267
220829,11:17:25.773,-13.707721346994
220829,11:17:32.274,-13.726451997435
220829,11:17:38.774,-13.717085477867
220829,11:17:45.274,-13.670410938743
220829,11:17:51.774,-13.64242241295
220829,11:17:58.275,-13.623795565954
220829,11:18:04.774,-13.623795565954
220829,11:18:11.275,-13.633138347309
220829,11:18:17.776,-13.64242241295
220829,11:18:24.276,-13.651769923541
220829,11:18:30.776,-13.670410938743
220829,11:18:37.276,-13.689061408141
